store,title,validUntil,image,price,oldPrice,loyaltyRequired,storeSize,description,discountInfo,productBrand,discountDescription
"Lidl","Pomidorai su šakelėmis","","https://imgproxy-retcat.assets.schwarz/QjMhYDIa268ygUkNh7fWl8x1kt7dMt-I68iVaPQTLbg/sm:1/w:427/h:320/cz/M6Ly9wcm9kLWNhd/GFsb2ctbWVkaWEvaW50L0EwNjk5MzhENjU1QzA0REY3NUQ0RTdFOE/Y1Qjk3MzQ5RURDREQ1OEM2QkJDRUI2NzM1Nzc5NEY5RjdDNTkyNkEucG5n.png","1.99","2.99","false","","1 kg","-33%","",""
"Lidl","Šviežia viščiukų ketvirčių mėsa","","https://imgproxy-retcat.assets.schwarz/lcCqeBFvsZwkJrJwcE4IZRxhAHBas_3m_o5IF0oCvPg/sm:1/w:427/h:320/cz/M6Ly9wcm9kLWNhd/GFsb2ctbWVkaWEvaW50LzAwNDBFQ0U0QjBCMjgzQzVDQTA0ODQ2QT/UyOTVDMzRGNDI1QzBFMTM2MzBENEIwRjg1REE2OERBMkU3MDE1RDMucG5n.png","4.79","5.99","true","","1 kg","-20%","",""
"Lidl","Sviestas, 82 %","02 16 - 02 22","https://imgproxy-retcat.assets.schwarz/eE9-ObxWP1Sg5frzihl_l7yysVvsUXEIQg19_wvS3nk/sm:1/w:427/h:320/cz/M6Ly9wcm9kLWNhd/GFsb2ctbWVkaWEvbHQvMS9GQjNBOUIwNDY5OTIzQjQyMTAxNkM2RTl/BODI1NzQ3REU2QzNEOUJDQzlFQkFCMUZBOENGODExN0VBNjE5QjNGLnBuZw.png","1.19","","false","","250 g / 1 kg = 4,76 €","250 G","Pilos",""
"Lidl","Gazuotas gaivusis gėrimas","Nuo 02 16","https://imgproxy-retcat.assets.schwarz/s43xEsoFNWFPLotY6PtcEgfhbbwk5O0dvzghE5pMDiQ/sm:1/w:427/h:320/cz/M6Ly9wcm9kLWNhd/GFsb2ctbWVkaWEvaW50LzMzREE1MDM1RjUyNkIzREUxN0Q4NjBCOT/FBNTBERTFGM0E2MzgwQTc4RUI4NEJDNEZCNzQ4QzA2NkFGMzRDRDcucG5n.png","2.89","","false","","2 x 2 l / 1 l = 0,72 €","2 X 2 L","Coca - Cola / Fanta / Sprite",""
"Lidl","Šviežias smulkintas kiaulienos kumpis","","https://imgproxy-retcat.assets.schwarz/idoDdTbtLLZXMXPSjmv0ObJ6Rs8vyJ-B0m6_2Pr_x8Y/sm:1/w:427/h:320/cz/M6Ly9wcm9kLWNhd/GFsb2ctbWVkaWEvaW50L0IwM0Y4QzZFNjE1RTlEQTY0N0ZFRTIwQj/IwNjBGNkFCOENCNTJCMTAxRjcxMjg1NkU0QzMxRjJGODgyRTU2ODkucG5n.png","1.79","2.25","false","","450 g / 1 kg = 3,98 €","-20%","",""
"Lidl","Šviežia pjaustyta kiaulienos nugarinė","","https://imgproxy-retcat.assets.schwarz/Ez9up3HVAF8TvOjCSqKDaFEBo2wjNQOMXLG1304E_bM/sm:1/w:427/h:320/cz/M6Ly9wcm9kLWNhd/GFsb2ctbWVkaWEvbHQvMS84QTQyNDVENzFDQTREQzIyMzk1RjVENzF/GNDdDNjNFOEM1RTNEQUNBQkQ1MUQ3MTlBMDYxQjYzM0U3QkZBMzM5LnBuZw.png","2.25","3.29","false","","360 g / 1 kg = 6,25 €","-31%","",""
"Lidl","Šernienos guliašas","","https://imgproxy-retcat.assets.schwarz/VT64p1JXLqU9Okh8PGxL4g9UJZsRgTNHGn_6NE7O8oQ/sm:1/w:427/h:320/cz/M6Ly9wcm9kLWNhd/GFsb2ctbWVkaWEvbHQvMS85MUYyNDBDODI1RTkyMUI1NkM3RjYxMkI/yMzc5RDlBM0IwQ0ExMEI2REMwM0NBQ0NGNUVCMkFDNDNBODU0RkRBLnBuZw.png","6.49","","false","","450 g / 1 kg = 14,42 €","SUPERKAINA!","LINNAMÄE",""
"Lidl","Brokoliai","","https://imgproxy-retcat.assets.schwarz/KzkoJ5ElvZuq4NuB6YwImo2UwJ_q6SOKFVF3eFzTvyo/sm:1/w:427/h:320/cz/M6Ly9wcm9kLWNhd/GFsb2ctbWVkaWEvaW50LzA0RjdCQ0E4OTdBRkNFMzMyNEU3RDlDMk/ZERDkzNDdCQkQyMzYzMUM2OURCMkJFRkM1OThFMDhCMUYxMkI2MzAucG5n.png","1.19","1.99","false","","1 vnt.","-40%","",""
"Lidl","Greipfrutai","","https://imgproxy-retcat.assets.schwarz/hHbAFBomREIYyiKPEaop5GHMJtDu1TyEUl82wGG6CNg/sm:1/w:427/h:320/cz/M6Ly9wcm9kLWNhd/GFsb2ctbWVkaWEvbHQvMS9DNTgyQzdEMUZCMDY0OTg4OTEwOTM0OTl/EQTM3Q0FGMDA2NjlDN0Y2MENEODhBNzcyNUMzODgxMTFENTFBN0EzLnBuZw.png","1.49","2.49","false","","1 kg","-40%","",""
"Lidl","Žaliosios cukinijos","","https://imgproxy-retcat.assets.schwarz/5n1oxhudMkAf1W4MMn6J7o2kLicC7sVt8opU_IC-wys/sm:1/w:427/h:320/cz/M6Ly9wcm9kLWNhd/GFsb2ctbWVkaWEvbHQvMS84NEZGQzUzOEFGRThGN0UzMzg0NjJDRUE/yMzBERjQ5Q0FDREEwNURENjY0NTI1RDZEOTY0QkI0M0FGRkQzQzYxLnBuZw.png","3.49","5.49","false","","1 kg","-36%","",""
"Lidl","Ekologiški mažieji špinatai","","https://imgproxy-retcat.assets.schwarz/iQymF3ShO5fuVrzQ3lkPpCwl562JGRl26YrMLySCu1o/sm:1/w:427/h:320/cz/M6Ly9wcm9kLWNhd/GFsb2ctbWVkaWEvbHQvMS81QzY1RjM3MjI1NkIyMEJERkRFNThFNzQ/3OEU4NkMxQTJGOEU4QjM2NTUxRUIyMjk4NjgwMzRGNUNDN0ZDOEE3LnBuZw.png","1.29","1.99","true","","100 g | 1 kg = 12,90 €","-35%","",""
"Lidl","Ekologiškos morkos","","https://imgproxy-retcat.assets.schwarz/fg6j0eZPpfpkJC-jyG7ArQNJHdWVHhssmCWuWb6MMYU/sm:1/w:427/h:320/cz/M6Ly9wcm9kLWNhd/GFsb2ctbWVkaWEvaW50LzA4MDgxNkE1OEYwRDM4NkNFMEI5NUI2OT/lGQTgyRUE5RTlENjlGRjIyQkFEQTJCNDlCMDhCNEI4QjcyQzdGQTAucG5n.png","1.29","1.99","true","","1 kg","-35%","",""
"Lidl","Kriaušės „Conference“","","https://imgproxy-retcat.assets.schwarz/keievqwpflH5v5towxfDzZyB5y7Ut19r1ha33KBEy14/sm:1/exar:1:ce/w:427/h:320/cz/M6Ly9wcm9kLWNhd/GFsb2ctbWVkaWEvbHQvMS9CNkU1NzJCNEQ0QzlFQjdCMjIwOUU0MjA/4QzE3RjA5Rjg0MTM0OTE0MzQ2QkJCNjM4NEM4RTVEQjY0RTZGRDZGLnBuZw.png","1.49","2.19","false","","1 kg","-31%","",""
"Lidl","Nektarinai","","https://imgproxy-retcat.assets.schwarz/0iZBBAf1CyQSumVF5lHNcBhoCAHpP2dJnlm8TdNAVpE/sm:1/w:427/h:320/cz/M6Ly9wcm9kLWNhd/GFsb2ctbWVkaWEvbHQvMS8wOTMzQ0M2RDQ2MDg3MTYyRDM5MjU1MjR/FRUM4RjcyQTFFNzQxRkZDN0JBNjdDOEU0NUZGMzU4QkQ0NzUwQTExLnBuZw.png","3.49","6.99","false","","1 kg","-50%","",""
"Lidl","Lietuviški svogūnų laiškai","","https://imgproxy-retcat.assets.schwarz/0-9u5zWPVaoWj7hilflaPsqTkDjDNw6L4uVJ5EVt0BE/sm:1/w:427/h:320/cz/M6Ly9wcm9kLWNhd/GFsb2ctbWVkaWEvaW50LzEzMEMwNEExMzExQjQ4NjI0RTgzQTEyMT/A0RjMwMDBDRUQwOEQ5MURFRTE5MUY4NUVEMzgxMjI0OUNCOTU0RDgucG5n.png","0.89","1.39","false","","100 g | 1 kg = 8,90 €","-35%","",""
"Lidl","Sviestinis kruasanas","","https://imgproxy-retcat.assets.schwarz/CJn3pHEmiPffH4o1U15IVJcmAXBIB86LZLHgi2l9Ei0/sm:1/w:427/h:320/cz/M6Ly9wcm9kLWNhd/GFsb2ctbWVkaWEvaW50LzFENzcyRjVFNjAzOEU1MkUyMUIxRjgwRj/Y3NjAwQ0YxMjE1RjkwQzRGOTQzRTFCNUVCQThGRTg2NTY1MDYyMDcucG5n.png","0.31","0.39","false","","60 g / 1 kg = 5,17 €","-20%","",""
"Lidl","Beigelis su aguonomis","","https://imgproxy-retcat.assets.schwarz/qEoMy27Hz5bV5LUA7MNe4e7sTufxFR23OXAc7zv1WM4/sm:1/w:427/h:320/cz/M6Ly9wcm9kLWNhd/GFsb2ctbWVkaWEvbHQvMS9DMTdGRTQ2MzRERkY4RjA4QTYxMkJDNUE/xMjE4QzExMUU5QjVDOEI3MkQ4MDdFNDdBRDk3MjExM0Y5MTNFMzBBLnBuZw.png","0.5","0.59","false","","80 g / 1 kg = 3,13 €","-15%","",""
"Lidl","Mini pica su mocarela ir saulėje džiovintais pomidorais","","https://imgproxy-retcat.assets.schwarz/djzs92n-cT1YvNnrxbU6DIZW3JSA2iyPu88_OCoWcMk/sm:1/w:427/h:320/cz/M6Ly9wcm9kLWNhd/GFsb2ctbWVkaWEvaW50LzdFRENCRjcwQTE5QUQ4OENCMDZCNTI0MD/k4QkM1MDhFMjVCMjhCRUQzNkQ2QUQyMzk3RkVEODc3NUYyQUVDN0IucG5n.png","0.99","1.39","true","","160 g | 1 kg = 6,19 €","-29%","",""
"Lidl","Bandelė su špinatais","","https://imgproxy-retcat.assets.schwarz/a8-P-qJ76XX0EEuw7uIOGCshceq6G2dsKzV7oasgc3s/sm:1/w:427/h:320/cz/M6Ly9wcm9kLWNhd/GFsb2ctbWVkaWEvbHQvMS8wQjBFRjk0RjZFNEJEQUFCNzZCMTZCM0R/CNTU2NzE2RTAwNkY2OUIxQjA4ODcxOTRDNTZFNTU2NkI1ODlCNTU2LnBuZw.png","0.69","","false","","170 g | 1 kg = 4,06 €","SUPERKAINA!","",""
"Lidl","Pistacijų skonio spurga","02 16 - 02 22","https://imgproxy-retcat.assets.schwarz/oVYaV09XHCaYYnXVBNwo7rzsTXzPA7Wv-9nzjbFYJCM/sm:1/w:427/h:320/cz/M6Ly9wcm9kLWNhd/GFsb2ctbWVkaWEvbHQvMS8wRTVENUMxRjIxOEI1NjI1MjA3MEU1Q0R/FMzYyRDgwRUM0NzBEMTFEMzUyNkRFQjg4MzE4NTk1Njk4NzNBMDcxLnBuZw.png","0.89","","false","","73 g |1 kg = 12,19 €","SUPERKAINA!","",""
"Lidl","Raikyta sumuštinių duona","02 16 - 02 22","https://imgproxy-retcat.assets.schwarz/lYV1Kx25jgblDyGfOkysjlKbtbQhq1gvmLtOZtR7WEU/sm:1/w:427/h:320/cz/M6Ly9wcm9kLWNhd/GFsb2ctbWVkaWEvbHQvMS9DQjAyOTM5NjM3RDU5M0UwNkQwNTg0MEI/xNUU2NUQzMjZBNzc2QUIwQ0IzMzBGRUQzMzg3RTU1N0RGQzAxRUE2LnBuZw.png","0.79","0.99","false","","500 g | 1 kg = 1,58 €","-20%","",""
"Lidl","Šviesi „Močiutės“ duona","02 16 - 02 22","https://imgproxy-retcat.assets.schwarz/LdiR5qxJzvB1Gsb5TsfuJFSsXPoM-QqD-iEx_ad6Sn8/sm:1/w:427/h:320/cz/M6Ly9wcm9kLWNhd/GFsb2ctbWVkaWEvaW50LzI4Rjc4NDc4NjY0MDJENEExQ0RFNTk2NT/MwNzEzMTA1MUI2MjNCMjU1MjAwMkM2Q0Y2MjIxNTI5OTZDRDAzNzAucG5n.png","1.29","","false","","300 g | 1 kg = 4,30 €","SUPERKAINA!","Vilniaus duona",""
"Lidl","Atlantinių lašišų filė žolelių ir česnakų marinate","02 19 - 02 22","https://imgproxy-retcat.assets.schwarz/hPBiSYBGedBiPM5qUErA1ktcF9aUFAfgxwhYXsOJXwE/sm:1/w:427/h:320/cz/M6Ly9wcm9kLWNhd/GFsb2ctbWVkaWEvaW50LzVCRDU1QjYzNDRFOEJEODc4QjIxRDI5QU/ZBRTNGNzFDQkNGRDVGMTMyRjI0RkY0QTQ4M0M0RDI1QzQ3RDI0MjgucG5n.png","14.99","","false","","1 kg","SUPERKAINA!","Nordian",""
"Lidl","Menkė vakuume","02 19 - 02 22","https://imgproxy-retcat.assets.schwarz/6FIt-JDSxjrY2vphJfy5uIigY7-DGGpvGxYIn6nSaow/sm:1/w:427/h:320/cz/M6Ly9wcm9kLWNhd/GFsb2ctbWVkaWEvbHQvMS9EMUU0Rjg3QjVGQkM1RURBNUYwM0E4NzQ/4RDE1N0UzMzVGQzc1Mjk2NDRGQkUxRERENEM4RkJDOTUzOUExQTZFLnBuZw.png","6.99","","false","","1 kg","SUPERKAINA!","FishNet",""
"Lidl","Virtos baltakojės blyškiosios krevetės","02 19 - 02 22","https://imgproxy-retcat.assets.schwarz/m14HltWoRvHtGC3Q8yfZfoPlNvmJd5SyWR4t9kDtzBA/sm:1/w:427/h:320/cz/M6Ly9wcm9kLWNhd/GFsb2ctbWVkaWEvaW50LzNGQzg1NEVFRjUyQzAyNjhENTVEQTk3Mz/dFOTk0RDQwMDA2MjlCODM4ODUwRURERTQ5OUExNzVFQjAzNjczNTQucG5n.png","3.15","4.89","false","","350 g / 1 kg = 9,00 €","-35%","",""
"Lidl","Sušių rinkinys Kuro","02 19 - 02 22","https://imgproxy-retcat.assets.schwarz/LgVmAnVSpVU7isdQFpNLZq87CSiOEczSutzlCYNyeho/sm:1/w:427/h:320/cz/M6Ly9wcm9kLWNhd/GFsb2ctbWVkaWEvaW50Lzk3MEQ3RDBEQTY3MzNBQTFEOUUyRDFBRj/AwNEU5RTFEMzNGMjA2MUMwREU5QTAxNzREMDkxQzA5QzUzODE4ODIucG5n.png","2.99","","false","","9 vnt. | 235 g / 1 kg = 12,72 €","SUPERKAINA!","",""
"Lidl","Marinuotas viščiukas su rūkyta šonine","02 19 - 02 22","https://imgproxy-retcat.assets.schwarz/T5wnd29WJYq4_eBBIWGKCv1ot1j2dX3aLRObdI-LRKY/sm:1/w:427/h:320/cz/M6Ly9wcm9kLWNhd/GFsb2ctbWVkaWEvbHQvMS8zMEYzRkJCNjRDNjM2OTVCQUU4MERFMTE/xQTY0QkI1QkZFQTQ5NjUzMDlENDg0RDlFMUUxM0NGMzg4RUM4QzE5LnBuZw.png","3.99","","false","","1 kg","SUPERKAINA!","",""
"Lidl","Šviežia kiaulienos nugarinė be kaulo","02 19 - 02 22","https://imgproxy-retcat.assets.schwarz/dWhAh1K_ui6yF4nYxK9eC4pVBt5vbQH8Ym61v0Si3s8/sm:1/w:427/h:320/cz/M6Ly9wcm9kLWNhd/GFsb2ctbWVkaWEvaW50L0VDQUVCN0JDOUU5ODEyNDdCRjk1MkQzND/dDOTM3NEE4QTVDQTJFNzU1ODI3OUNCNjYyQkM2MjlFNDZCRjFGN0IucG5n.png","3.89","","false","","1 kg","SUPERKAINA!","",""
"Lidl","Jautienos maltinis mėsainiams","02 19 - 02 22","https://imgproxy-retcat.assets.schwarz/tbdIcPpIX3ftNr1iX6oWaW-6P0liNvAWLqeK7quxivQ/sm:1/w:427/h:320/cz/M6Ly9wcm9kLWNhd/GFsb2ctbWVkaWEvaW50LzY3QTM5Mjk1NkZDMEQ1ODQwQUVDNzAyMk/Y0MjJEMkJFRDgzNTZBQTc2MzJENEQwQ0YyQzZBNDJGRTNFRDBFREEucG5n.png","2.39","2.99","false","","220 g / 1 kg = 10,86 €","-20%","Grill&Fun",""
"Lidl","Kebabo mėsa marinate","02 19 - 02 22","https://imgproxy-retcat.assets.schwarz/h8c7w7Q-CmwFyV56ynjobuI83j2ykpLwQDXJxcccYz4/sm:1/w:427/h:320/cz/M6Ly9wcm9kLWNhd/GFsb2ctbWVkaWEvbHQvMS81MjJFMzMwQkEzMDU3Mzk5QjRDNDExNkZ/DMzlFREFGRjVFQzc4MTgxOEYwMUIwNUI0MzFFMkMxMDFFN0MwRUVBLnBuZw.png","2.99","","false","","1 kg / 400 g = 7,48 €","SUPERKAINA!","",""
"Lidl","Mini sviestinis kruasanas","02 19 - 02 22","https://imgproxy-retcat.assets.schwarz/t8ELeoU_iwo0SAiaNsZWXziUqwYJG_taSv2oMCwv9Nw/sm:1/w:427/h:320/cz/M6Ly9wcm9kLWNhd/GFsb2ctbWVkaWEvbHQvMS9FOENCMjAzQzRFNjc4RDA4RUI2QzVFM0I/4REY3NUMzRTYxN0Y5NTU2N0U5RTgxNTc3OTUxRjJEMTRGN0QyNjA4LnBuZw.png","1","1.14","false","","6 x 25 g | 1 kg = 6,67 €","-12%","",""
"Lidl","Spurga su pistacijų įdaru","02 19 - 02 22","https://imgproxy-retcat.assets.schwarz/x26r84FpO1nPP3MHDIbuK5rpwPGs4aJozJAP228ub3g/sm:1/w:427/h:320/cz/M6Ly9wcm9kLWNhd/GFsb2ctbWVkaWEvbHQvMS9ERkFBQ0I4N0E4MEIzNjgyQTIzQ0IyNzI/wMUI1RjM4MzAxM0FGQjdBRkFFNkRGMTJCMDY1NDJDRTVDMjgwNThBLnBuZw.png","0.86","1.29","false","","90 g / 1 kg = 9,56 €","-33%","",""
"Lidl","Kanelės su pistacijų įdaru","02 19 - 02 22","https://imgproxy-retcat.assets.schwarz/NBJ9YVLLyUKvh2nrLMOlqNNr6SGlBh6FYPhr4ueaJi0/sm:1/w:427/h:320/cz/M6Ly9wcm9kLWNhd/GFsb2ctbWVkaWEvaW50LzlBMDcwQjk2RDI4MzE0NkM2NEU5MjA0OE/IxODg4NjE1NUFCQjExQjkwNjMyMjZFMThCMjlGREY0MDlCNjI5RDIucG5n.png","0.59","0.89","false","","55 g / 1 kg = 10,73 €","-33%","",""
"Lidl","Duona su raugu ir ruginiais miltais","02 19 - 02 22","https://imgproxy-retcat.assets.schwarz/a-rzg6nx56JGrLUeu_fagMDSzrQxHvTSWEGhLb6TSr8/sm:1/w:427/h:320/cz/M6Ly9wcm9kLWNhd/GFsb2ctbWVkaWEvbHQvMS84QjkwQTA2MTczMzEzMzdEOTFDMTU4MzN/FMTQwQzc1MEEyQUY0NzdBQ0Q0NTRBRDQ5QTRBOTI0NERENUExOEVBLnBuZw.png","1.19","1.49","false","","500 g | 1 kg = 2,38 €","-20%","",""
"Lidl","Žaliosios besėklės vynuogės","02 19 - 02 22","https://imgproxy-retcat.assets.schwarz/JsaLWzwfb5q6QIyTCSVwXq-oGT1LXYjEWp7LgOK95Jw/sm:1/w:427/h:320/cz/M6Ly9wcm9kLWNhd/GFsb2ctbWVkaWEvaW50LzgzQUQ4RkQzOEEzMjNCMjc5NjkyNDdFN0/JDRjI5NzNEOUQ4MUU0OTcyOEIxQTM4QjYwQTg5RDI1QTNCM0Y2MTEucG5n.png","3.59","4.99","false","","1 kg","-28%","",""
"Lidl","Žiedinis kopūstas","02 19 - 02 22","https://imgproxy-retcat.assets.schwarz/Mf3L4moDakOu4xK_8-NgYliDB_LAkAPsx7Ict3shnTs/sm:1/w:427/h:320/cz/M6Ly9wcm9kLWNhd/GFsb2ctbWVkaWEvaW50L0I1QTA2NzUwQjNEOTA3QzcxQTBFOUFDRD/JGM0YzQUY2MzJENkZGRjcyQzE1NzRGMTc0RjU4OTkyNEQwRDgxQkEucG5n.png","1.89","2.99","false","","1 vnt.","-36%","",""
"Lidl","Ekologiški pomidorai su šakelėmis","02 19 - 02 22","https://imgproxy-retcat.assets.schwarz/mzR00sdnRrMgy1nd7P_g1JMs3ByXkSLkZ-t5mJTdpwU/sm:1/w:427/h:320/cz/M6Ly9wcm9kLWNhd/GFsb2ctbWVkaWEvbHQvMS83RERFNjhCMkFBNTU0RkRGNjlFRTVDRTR/EMjI2NUVBN0QwQThDMTQyNzI5MUFCRTU4MTBBMDlFRTJDQ0JDRDJFLnBuZw.png","1.99","2.99","false","","500 g | 1 kg = 3,98 €","-33%","",""
"Lidl","Raudonieji obuoliai","02 19 - 02 22","https://imgproxy-retcat.assets.schwarz/2xYTRktpe-c8c77DYgsWIZQWxUQpjvKAdUYLxQCSWEY/sm:1/w:427/h:320/cz/M6Ly9wcm9kLWNhd/GFsb2ctbWVkaWEvbHQvMS8xM0EwOTA4Q0Y1MjkwN0IzNUMzQzA0QUR/ENDVFOUVDMjFCQUZGQUZGQkI4NkIzOEYyOEI1QzA0RjkwMzFFN0U3LnBuZw.png","0.79","1.99","false","","1 kg","-60%","",""
"Lidl","Ekologiški apelsinai","02 19 - 02 22","https://imgproxy-retcat.assets.schwarz/2OPa6XjEBizAio81L60ENced_YvCAvNSIEUdGuqmBic/sm:1/w:427/h:320/cz/M6Ly9wcm9kLWNhd/GFsb2ctbWVkaWEvbHQvMS9DQkYzRDg4ODc0QUZGMDNCQUQ3NTM4Qzc/0MTRGN0I1Q0I1RkM2RUNDQUZBMzgzMUQzQkY3MzAwM0U1MEIyQ0RDLnBuZw.png","1.99","2.99","true","","1 kg","-33%","",""
"Lidl","Baklažanai","02 19 - 02 22","https://imgproxy-retcat.assets.schwarz/XW8LS61IKE1IPrx7DUcYQOO0nlsSPrnWvmfUQb7H1YA/sm:1/w:427/h:320/cz/M6Ly9wcm9kLWNhd/GFsb2ctbWVkaWEvaW50L0RGODkwMzdCMDlGRTM3RUE3OUMyQzUyQ0/JFRTczQUExRjY0QkQ3NzhBOTY2RDgyMEJDNEYxMjkwOUY3QUNGQzYucG5n.png","2.99","5.79","true","","1 kg","-48%","",""