store,title,validFrom,validUntil,image,price,oldPrice,loyaltyRequired,storeSize,description,discountInfo,productBrand,discountDescription
"Maxima","Obuoliai JONAGOLD, 1 kg","","2026-02-23","https://offers.maxima.lt/media/MarketingOffer/699566f7011b5.png","0.79","1.69","false","0","Iki 02.23","-53%","",""
"Maxima","Braškės, fasuotos, 250 g","","2026-02-23","https://offers.maxima.lt/media/MarketingOffer/698f31f75da2c.png","2.29","3.99","false","0","1 kg – 9,16 €","-42%","",""
"Maxima","Ilgavaisis agurkas, 1 vnt.","","2026-02-23","https://offers.maxima.lt/media/MarketingOffer/698f31fad2e4c.png","0.99","1.49","false","0","Iki 02.23","-33%","",""
"Maxima","Įvairių vyšninių pomidorų mišinys*, fasuoti, 500 g","","2026-02-22","https://offers.maxima.lt/media/MarketingOffer/698f3206689c3.png","2.49","3.99","false","0","1 kg – 4,98 €","-37%","",""
"Maxima","AVOKADAMS*","","2026-02-22","https://offers.maxima.lt/media/MarketingOffer/698f3205e30e0.png","","","false","0","Iki 02.22","-30%","",""
"Maxima","Kriaušės WILLIAMS*, 60–70 mm, 1 kg","","2026-02-23","https://offers.maxima.lt/media/MarketingOffer/698f31f0bab84.png","2.49","3.49","false","0","Iki 02.23","-28%","",""
"Maxima","Geltonieji obuoliai SHINANO GOLD*, nuo 80 mm, 1 kg","","2026-02-23","https://offers.maxima.lt/media/MarketingOffer/698f31f04a706.png","2.39","2.99","false","2","Iki 02.23 , nuo","-20%","",""
"Maxima","Obuoliai GREENSTAR*, nuo 75 mm, 1 kg","","2026-02-23","https://offers.maxima.lt/media/MarketingOffer/698f31f6658bc.png","1.89","2.79","false","2","Iki 02.23 , nuo","-32%","",""
"Maxima","Obuoliai PRIMO*, nuo 90 mm, 1 kg","","2026-02-23","https://offers.maxima.lt/media/MarketingOffer/698f31f5ec72a.png","1.79","2.49","false","2","Iki 02.23 , nuo","-28%","",""
"Maxima","Kriaušės ABATE*, 70–80 mm, 1 kg","","2026-02-23","https://offers.maxima.lt/media/MarketingOffer/698f31f69faad.png","3.49","4.49","false","0","Iki 02.23","-22%","",""
"Maxima","Obuoliai PINK LADY*, nuo 75 mm, 1 kg","","2026-02-23","https://offers.maxima.lt/media/MarketingOffer/698f31f5b4051.png","2.39","2.99","false","2","Iki 02.23 , nuo","-20%","",""
"Maxima","Obuoliai AMBROSIA*, nuo 80 mm, 1 kg","","2026-02-23","https://offers.maxima.lt/media/MarketingOffer/698f31f64c591.png","2.39","2.99","false","2","Iki 02.23 , nuo","-20%","",""
"Maxima","Obuoliai CRIMSON SNOW*, nuo 80 mm, 1 kg","","2026-02-23","https://offers.maxima.lt/media/MarketingOffer/698f31f5d12c7.png","1.99","2.59","false","2","Iki 02.23 , nuo","-23%","",""
"Maxima","Obuoliai KANZI*, 80–90 mm, 1 kg","","2026-02-23","https://offers.maxima.lt/media/MarketingOffer/698f31f6ba1e1.png","1.99","2.89","false","2","Iki 02.23 , nuo","-31%","",""
"Maxima","Obuoliai RED DELICIOUS*, 80–90 mm, 1 kg","","2026-02-23","https://offers.maxima.lt/media/MarketingOffer/698f31f614dd6.png","1.89","2.69","false","2","Iki 02.23 , nuo","-29%","",""
"Maxima","Obuoliai ROYAL GALA*, 75–80 mm, 1 kg","","2026-02-23","https://offers.maxima.lt/media/MarketingOffer/698f31f682221.png","1.89","2.69","false","2","Iki 02.23 , nuo","-29%","",""
"Maxima","Lietuviški obuoliai LINKĖJIMAI IŠ KAIMO*, nuo 55 mm, 1 kg","","2026-02-23","https://offers.maxima.lt/media/MarketingOffer/698f31f630879.png","1.59","1.99","false","0","Iki 02.23","-20%","",""
"Maxima","Obuoliai GRANNY SMITH*, 70–85 mm, 1 kg","","2026-02-23","https://offers.maxima.lt/media/MarketingOffer/698f31f7071f5.png","1.89","2.69","false","2","Iki 02.23 , nuo","-29%","",""
"Maxima","Obuoliai GOLDEN*, 70–85 mm, 1 kg","","2026-02-23","https://offers.maxima.lt/media/MarketingOffer/698f31f7245dc.png","1.89","2.59","false","0","Iki 02.23","-27%","",""
"Maxima","Kriaušės SWEET SENSATION*, 70–80 mm, 1 kg","","2026-02-23","https://offers.maxima.lt/media/MarketingOffer/698f31f7d730c.png","2.49","3.49","false","0","Iki 02.23","-28%","",""
"Maxima","Didžiosios kriaušės CONFERENCE*, 70–80 mm, 1 kg","","2026-02-23","https://offers.maxima.lt/media/MarketingOffer/698f31f7f39e4.png","1.69","2.49","false","0","Iki 02.23","-32%","",""
"Maxima","Kriaušės COMICE*, 65–75 mm, 1 kg","","2026-02-23","https://offers.maxima.lt/media/MarketingOffer/698f31f741ad4.png","1.69","2.49","false","0","Iki 02.23","-32%","",""
"Maxima","Salota vazonėlyje LOLLO BIONDO, fasuota, 1 vnt.","","2026-02-23","https://offers.maxima.lt/media/MarketingOffer/698f31f77e189.png","1.29","1.99","false","0","Iki 02.23","-35%","",""
"Maxima","Švieži baltagūžiai kopūstai, 1 kg","","2026-02-23","https://offers.maxima.lt/media/MarketingOffer/698f31fb1edf6.png","1.29","1.99","false","0","Iki 02.23","-35%","",""
"Maxima","Granatai, 1 kg","","2026-02-23","https://offers.maxima.lt/media/MarketingOffer/698f31fba2fe8.png","3.49","4.99","false","0","Iki 02.23","-30%","",""
"Maxima","Žaliosios besėklės vynuogės, 1 kg","","2026-02-23","https://offers.maxima.lt/media/MarketingOffer/698f3209ddd8a.png","3.79","4.99","false","0","Iki 02.23","-24%","",""
"Maxima","Raudonosios besėklės vynuogės, fasuotos, 500 g","","2026-02-23","https://offers.maxima.lt/media/MarketingOffer/698f320a13ada.png","2.09","3.49","false","0","1 kg – 4,18 €","-40%","",""
"Maxima","Slyvos, 1 kg","","2026-02-23","https://offers.maxima.lt/media/MarketingOffer/698f3209b15db.png","2.49","3.69","false","0","Iki 02.23","-32%","",""
"Maxima","Dideli apelsinai, 1 kg","","2026-02-23","https://offers.maxima.lt/media/MarketingOffer/698f320a75784.png","1.49","2.39","false","0","Iki 02.23","-37%","",""
"Maxima","Melionai PIEL DE SAPO, 1 kg","","2026-02-23","https://offers.maxima.lt/media/MarketingOffer/698f320987890.png","1.69","2.49","false","0","Iki 02.23","-32%","",""
"Maxima","Didieji greipfrutai POMELO, 1 kg","","2026-02-23","https://offers.maxima.lt/media/MarketingOffer/698f320907ea4.png","0.85","1.19","false","0","Iki 02.23","-28%","",""
"Maxima","Pomidorai, 1 kg","","2026-02-23","https://offers.maxima.lt/media/MarketingOffer/6996b8776ea44.png","1.99","2.99","false","0","Iki 02.23","-33%","",""
"Maxima","Brokolis, 1 vnt.","","2026-02-23","https://offers.maxima.lt/media/MarketingOffer/698f32095c67f.png","1.39","1.99","false","0","Iki 02.23","-30%","",""
"Maxima","Salierų stiebas, 1 vnt.","","2026-02-23","https://offers.maxima.lt/media/MarketingOffer/698f320a3f822.png","1.19","1.69","false","0","Iki 02.23","-29%","",""
"Maxima","Raudonųjų ridikėlių ryšulėlis, 1 vnt.","","2026-02-23","https://offers.maxima.lt/media/MarketingOffer/698f320932dbc.png","0.79","0.99","false","0","Iki 02.23","-20%","",""
"Maxima","Plautos bulvės LINKĖJIMAI IŠ KAIMO, fasuotos, 1 kg","","2026-02-23","https://offers.maxima.lt/media/MarketingOffer/698f31fc7269b.png","0.89","1.39","false","0","Iki 02.23","-35%","",""
"Maxima","Rauginti kopūstai LINKĖJIMAI IŠ KAIMO, fasuoti, 800 g","","2026-02-23","https://offers.maxima.lt/media/MarketingOffer/698f31fcb571f.png","1.75","2.49","false","0","1 kg – 2,19 €","-29%","",""
"Maxima","Atšaldyta kiaulienos nugarinė be kaulo*, vakuumuota, 1 kg","","2026-02-23","https://offers.maxima.lt/media/MarketingOffer/698f31fa902c6.png","3.99","5.99","false","0","Iki 02.23","-33%","",""
"Maxima","UTENOS MĖSOS GIMINIŲ linijai*","","2026-02-23","https://offers.maxima.lt/media/MarketingOffer/698f31ee92fdb.png","","","false","0","Iki 02.23","-50%","",""
"Maxima","VILNIAUS PAUKŠTYNO šviežiai paukštienai UŽAUGINTA BE ANTIBIOTIKŲ*","","2026-02-22","https://offers.maxima.lt/media/MarketingOffer/698f32056ad0b.png","","","false","0","Iki 02.22","-30%","",""
"Maxima","VILNIAUS PAUKŠTYNO vištienos; višč. šlaun. mėsos ieš. FIESTA su mar.*, 2 rūšių, 480 g","","2026-02-23","https://offers.maxima.lt/media/MarketingOffer/698f31ebbb823.png","3.99","5.99","false","2","1 kg – 8,31 €","-33%","",""
"Maxima","Lėtai virti šonkauliai BIOVELA*, 900 g","","2026-02-23","https://offers.maxima.lt/media/MarketingOffer/698f31eba563e.png","7.49","14.99","false","2","1 kg – 8,32 €","-50%","",""
"Maxima","Šviežia viščiukų broilerių šlaunelių mėsa WELL DONE*, 500 g","","2026-02-23","https://offers.maxima.lt/media/MarketingOffer/698f31fa55830.png","3.29","3.79","false","0","1 kg – 6,58 €","-13%","",""
"Maxima","Sausai marinuoti kiaulienos šonkauliai BIOVELA*, fasuoti, 1 kg","","2026-02-23","https://offers.maxima.lt/media/MarketingOffer/698f31f9ebb98.png","5.49","9.99","true","2","Iki 02.23 , nuo","","",""
"Maxima","Šviežia kiaulienos šoninė be kaulo WELL DONE*, fasuota, 1 kg","","2026-02-23","https://offers.maxima.lt/media/MarketingOffer/698f31f9645ea.png","2.95","5.29","true","2","Iki 02.23 , nuo","","",""
"Maxima","Šviežia smulkinta kiauliena ir jautiena WELL DONE*, rieb. ne daugiau 20 %, 400 g","","2026-02-23","https://offers.maxima.lt/media/MarketingOffer/698f31fa35761.png","2.29","2.79","false","0","1 kg – 5,73 €","-17%","",""
"Maxima","Šviežios kiaulienos plonosios dešrelės WELL DONE*, 400 g","","2026-02-23","https://offers.maxima.lt/media/MarketingOffer/698f31fa724a1.png","2.09","2.69","false","0","1 kg – 5,23 €","-22%","",""
"Maxima","Atšaldyti kiaulienos sprandinės pjausniai WELL DONE*, 360 g","","2026-02-23","https://offers.maxima.lt/media/MarketingOffer/698f31f98403f.png","2.79","3.29","false","0","1 kg – 7,75 €","-15%","",""
"Maxima","Brandintas jautienos antrekotas su kaulu KREKENAVOS GRYNUOLIAI*, brandinta 14 d., 260 g","","2026-02-23","https://offers.maxima.lt/media/MarketingOffer/698f31f9a6326.png","4.99","8.49","false","2","1 kg – 19,19 €","-41%","",""
"Maxima","Švieži kalakutienos krūtinėlių pjausniai WELL DONE*, 400 g","","2026-02-23","https://offers.maxima.lt/media/MarketingOffer/698f31f9c8c35.png","4.79","5.49","true","2","Iki 02.23 , nuo","","",""
"Maxima","Šviežias viščiukas broileris WELL DONE, užauginta be antibiotikų*, fasuotas, 1 kg","","2026-02-23","https://offers.maxima.lt/media/MarketingOffer/698f32014fdf4.png","3.99","4.99","false","2","Iki 02.23 , nuo","-20%","",""
"Maxima","Sausai marinuotas kiaulienos sprandinės šašlykas BIOVELA*, 800 g","","2026-02-23","https://offers.maxima.lt/media/MarketingOffer/698f3200d66fc.png","5.99","9.99","false","2","1 kg – 7,49 €","-40%","",""
"Maxima","VILNIAUS PAUKŠTYNO viščiukų sparn. peteliai; vid. dalys PREMIUM*, 3 rūšių, 500 g","","2026-02-23","https://offers.maxima.lt/media/MarketingOffer/698f3201bda43.png","3.79","4.49","false","0","1 kg – 7,58 €","-15%","",""
"Maxima","Lėtai virti marinuoti KREKENAVOS kiaulienos šonkauliai*, fasuoti, 1 kg","","2026-02-23","https://offers.maxima.lt/media/MarketingOffer/698f32017464c.png","7.99","15.49","false","2","Iki 02.23 , nuo","-48%","",""
"Maxima","Virtos SAMSONO pieniškos dešrelės*, a. r., 2 pak. × 310 g","","2026-02-23","https://offers.maxima.lt/media/MarketingOffer/698f31ef10e2d.png","3.99","","false","0","1 kg – 6,44 €","","",""
"Maxima","Virtos kepamosios vištienos dešrelės WELL DONE*, 2 rūšių, a. r., 270 g","","2026-02-23","https://offers.maxima.lt/media/MarketingOffer/698f31eeec73c.png","1.69","1.99","false","0","1 kg – 6,26 €","-15%","",""
"Maxima","Karštai rūkytas KREKENAVOS servelatas vakuume*, a. r., 2 vnt. × 400 g","","2026-02-23","https://offers.maxima.lt/media/MarketingOffer/698f31eebfb2e.png","4.29","","false","0","1 kg – 5,36 €","","",""
"Maxima","Karštai rūkyta sausai sūdyta KLEBONIŠKA nugarinė SAMSONAS*, fasuota, a. r., 1 kg","","2026-02-23","https://offers.maxima.lt/media/MarketingOffer/698f32029284b.png","13.49","18.49","false","0","Iki 02.23","-27%","",""
"Maxima","Karštai rūkyta kiaulienos filė su kmynais BIOVELA*, fasuota, I r., 1 kg","","2026-02-23","https://offers.maxima.lt/media/MarketingOffer/698f3203368f5.png","11.99","14.99","false","0","Iki 02.23","-20%","",""
"Maxima","Šaltai rūkyta skilandinė dešra WELL DONE*, a. r., 350 g","","2026-02-23","https://offers.maxima.lt/media/MarketingOffer/698f32035b707.png","2.99","4.99","false","0","1 kg – 8,54 €","-40%","",""
"Maxima","Pjaustyta šaltai rūkyta kiaulienos nugarinė WELL DONE*, a. r., 100 g","","2026-02-23","https://offers.maxima.lt/media/MarketingOffer/698f3202b9b5e.png","1.49","1.99","false","0","1 kg – 14,90 €","-25%","",""
"Maxima","Mėsos gaminiams BERETTA*","","2026-02-23","https://offers.maxima.lt/media/MarketingOffer/698f320246136.png","","","false","2","Iki 02.23 , nuo","-30%","",""
"Maxima","Vytinta dešra FUET CASERO su pelėsiu*, I r., 2 vnt. × 170 g","","2026-02-23","https://offers.maxima.lt/media/MarketingOffer/698f32026aa45.png","3.99","","false","0","1 kg – 11,74 €","","",""
"Maxima","Vytintos dešrelės KREKENAVOS BE KONSERVANTŲ*, a. r., 220 g","","2026-02-23","https://offers.maxima.lt/media/MarketingOffer/698f3202e0d64.png","3.99","5.89","false","0","1 kg – 18,14 €","-32%","",""
"Maxima","VILNIAUS PAUKŠTYNO mėsos gaminių linijai HEAT & EAT*","","2026-02-23","https://offers.maxima.lt/media/MarketingOffer/698f3203117fe.png","","","false","0","Iki 02.23","-30%","",""
"Maxima","Kepta pjaustyta jautiena su garst. ir krapų padažu WELL DONE PREMIUM*, a. r., 120 g","","2026-03-02","https://offers.maxima.lt/media/MarketingOffer/6980b99fdd0e6.png","3.99","4.99","true","2","Iki 03.02 , nuo","","",""
"Maxima","Karštai rūkyti sparneliai VILNIAUS PAUKŠTYNAS FIESTA SNACK*, 2 rūšių, a. r., 180 g","","2026-03-02","https://offers.maxima.lt/media/MarketingOffer/6980b99f82d85.png","1.49","1.99","true","0","Iki 03.02","","",""
"Maxima","ROKIŠKIO MĖSINĖS rūkytos pjaustytos kiaulių ausys*, 2 rūšių, a. r.; I r., 200 g","","2026-03-02","https://offers.maxima.lt/media/MarketingOffer/6980b99f98861.png","1.99","3.89","true","0","Iki 03.02","","",""
"Maxima","Vyt. pj. bran. kiaulienos filė su burb. ir klevų sir. MAŽEIKIŲ MĖSINĖ*, a. r., 160 g","","2026-03-02","https://offers.maxima.lt/media/MarketingOffer/6980b9a82a8fa.png","3.49","4.99","true","2","Iki 03.02 , nuo","","",""
"Maxima","Vytinta pjaustyta kiaulienos nugarinė MAŽEIKIŲ MĖSINĖ GO SNACK*, a. r., 160 g","","2026-03-02","https://offers.maxima.lt/media/MarketingOffer/6980b9a8857d1.png","2.99","3.99","true","2","Iki 03.02 , nuo","","",""
"Maxima","Mėsos gaminiams MEAT CRAFT*","","2026-03-02","https://offers.maxima.lt/media/MarketingOffer/6980b9a7c6ca5.png","","","false","2","Iki 03.02 , nuo","-20%","",""
"Maxima","Vytinta ispaniška tepamoji dešra ELPOZO LEGADO*, nerūš., 250 g","","2026-03-02","https://offers.maxima.lt/media/MarketingOffer/6980b9a84b797.png","1.89","2.59","true","2","Iki 03.02 , nuo","","",""
"Maxima","Vytintos kiaulienos lazdelės TARCZYNSKI SALAMI*, 3 rūšių, II r., 80 g","","2026-03-02","https://offers.maxima.lt/media/MarketingOffer/6980b9a8c0b14.png","1.69","2.39","true","0","Iki 03.02","","",""
"Maxima","Vytintos kiaulienos dešrelės RIDDER HEIMS*, 3 rūšių, a. r., 50 g","","2026-03-02","https://offers.maxima.lt/media/MarketingOffer/6980b9a80dc80.png","1.09","1.39","false","2","1 kg – 21,80 €","-21%","",""
"Maxima","Vytintas jautienos; kalakutienos batonėlis THE MEAT MAKERS*, 2 rūšių, a. r., 25 g","","2026-03-02","https://offers.maxima.lt/media/MarketingOffer/6980b9a7e4e24.png","1.19","1.49","true","2","Iki 03.02 , nuo","","",""
"Maxima","Vytinta jautiena JACK LINK’S*, 2 rūšių, a. r., 25 g","","2026-03-02","https://offers.maxima.lt/media/MarketingOffer/6980b9a8a1c59.png","2.39","2.99","true","2","Iki 03.02 , nuo","","",""
"Maxima","Džiovintos vištienos užkandis CHICK & GO*, 3 rūšių, nerūš., 30 g","","2026-03-02","https://offers.maxima.lt/media/MarketingOffer/6980b9a8de59c.png","1.69","2.69","true","2","Iki 03.02 , nuo","","",""
"Maxima","Šviežia viščiukų broilerių filė kepsniams be antibiotikų WELL DONE*, 400 g","","2026-03-02","https://offers.maxima.lt/media/MarketingOffer/69845f981f85a.png","3.49","4.99","false","0","1 kg – 8,73 €","-30%","",""
"Maxima","VILNIAUS PAUKŠTYNO marinuotas viščiukas PREMIUM*, 3 rūšių, 1 kg","","2026-03-02","https://offers.maxima.lt/media/MarketingOffer/69845f97bdbf5.png","4.49","6.49","false","0","Iki 03.02","-30%","",""
"Maxima","Sausai marinuoti kiaulienos sprandinės kepsneliai BIOVELA*, 3 rūšių, 300–400 g","","2026-03-02","https://offers.maxima.lt/media/MarketingOffer/69845f98c0432.png","4.49","6.49","false","0","1 kg ≥ 11,23 €","-30%","",""
"Maxima","Šaltai rūkyta pjaustyta kiaulienos šoninė BIOVELA*, a. r., 140 g","","2026-03-02","https://offers.maxima.lt/media/MarketingOffer/69845f99073b6.png","1.99","3.49","false","0","1 kg – 14,21 €","-42%","",""
"Maxima","Keptas kiaulių kepenų vyniotinis BEATOS VIRTUVĖ*, a. r., 400 g","","2026-03-02","https://offers.maxima.lt/media/MarketingOffer/69845f98e9c86.png","2.99","4.99","false","2","1 kg – 7,48 €","-40%","",""
"Maxima","BIOVELOS linijos STIX gaminiams*","","2026-03-02","https://offers.maxima.lt/media/MarketingOffer/69845f98d490e.png","","","false","0","Iki 03.02","-50%","",""
"Maxima","Natūrali ŽEMAITIJOS grietinė*, 30 % rieb., 400 g","","2026-02-23","https://offers.maxima.lt/media/MarketingOffer/698f31fe691e0.png","1.79","2.99","false","0","1 kg – 4,48 €","-40%","",""
"Maxima","Saldžios grietinėlės sviestas SAULĖS PIEVOS*, 82 % rieb., 200 g","","2026-02-23","https://offers.maxima.lt/media/MarketingOffer/698f31fdd290e.png","1.29","2.49","false","0","1 kg – 6,45 €","-48%","",""
"Maxima","DVARO fermentiniams ir varškės sūriams*","","2026-02-22","https://offers.maxima.lt/media/MarketingOffer/698f32053ee98.png","","","false","0","Iki 02.22","-30%","",""
"Maxima","Produktams AMFORA*","","2026-02-22","https://offers.maxima.lt/media/MarketingOffer/698f3206154be.png","","","false","0","Iki 02.22","-30%","",""
"Maxima","Mocarelos rutuliukai NONNO NANNI*, 50 % rieb. s. m., 150 g","","2026-02-23","https://offers.maxima.lt/media/MarketingOffer/698f31ec06bd1.png","2.29","2.89","false","0","1 kg – 15,27 €","-20%","",""
"Maxima","Glaistytas varškės sūrelis NYKŠTUKAS*, 10 rūšių, 21–25,7 % rieb., 3 vnt. × 45 g","","2026-02-23","https://offers.maxima.lt/media/MarketingOffer/698f31fe8d4c3.png","1.39","","false","0","1 kg – 10,30 €","","",""
"Maxima","LUKŠIŲ PIENINĖS varškės sūriams*","","2026-02-23","https://offers.maxima.lt/media/MarketingOffer/698f31feb3df3.png","","","false","0","Iki 02.23","-20%","",""
"Maxima","Pusriebė ŽEMAITIJOS varškė*, fasuota, 9 % rieb., 1 kg","","2026-02-23","https://offers.maxima.lt/media/MarketingOffer/698f31fe25b53.png","4.79","6.99","false","0","Iki 02.23","-31%","",""
"Maxima","Ekologiškas pienas DOBILAS*, 2,5 % rieb., 1 l","","2026-02-23","https://offers.maxima.lt/media/MarketingOffer/698f31ef8f313.png","1.79","1.99","true","0","Iki 02.23","","",""
"Maxima","Kefyras WELL DONE*, 2,5 % rieb., 900 g","","2026-02-23","https://offers.maxima.lt/media/MarketingOffer/698f31f0266d9.png","1.25","1.39","true","0","Iki 02.23","","",""
"Maxima","Augaliniams gėrimams WELL DONE*","","2026-02-23","https://offers.maxima.lt/media/MarketingOffer/698f31ef5f48a.png","","","false","0","Iki 02.23","-20%","",""
"Maxima","Pieno produktams AUGA*","","2026-02-23","https://offers.maxima.lt/media/MarketingOffer/698f31f00fb09.png","","","false","0","Iki 02.23","-20%","",""
"Maxima","Pusriebė ROKIŠKIO NAMINĖ varškė*, 9 % rieb., 180 g","","2026-02-23","https://offers.maxima.lt/media/MarketingOffer/698f31ef45587.png","1.25","1.39","true","0","Iki 02.23","","",""
"Maxima","Mocarela riekelėmis WELL DONE*, 45 % rieb. s. m., 150 g","","2026-02-23","https://offers.maxima.lt/media/MarketingOffer/698f31efd3035.png","2.05","2.29","true","0","Iki 02.23","","",""
"Maxima","Tarkuotas sūris DŽIUGAS MIX*, 2 rūšių, 42–43 % rieb. s. m., 200 g","","2026-02-23","https://offers.maxima.lt/media/MarketingOffer/698f31efeb129.png","2.75","3.09","true","0","Iki 02.23","","",""
"Maxima","Lydytas PANEMUNĖS PIEVŲ kremas*, 3 rūšių, 22 % rieb., 2 ind. × 160 g","","2026-02-23","https://offers.maxima.lt/media/MarketingOffer/698f31efa3f13.png","3.69","","false","0","1 kg – 11,53 €","","",""
"Maxima","VILKYŠKIŲ varškės užtepėlė; kremas*, 4 rūšių, 15–19 % rieb., 2 ind. × 150 g","","2026-02-23","https://offers.maxima.lt/media/MarketingOffer/698f31efbc2c5.png","2.95","","false","0","1 kg – 9,83 €","","",""
"Maxima","Ožkų pieno sviestas GOAT FARM*, 82 % rieb., 125 g","","2026-02-23","https://offers.maxima.lt/media/MarketingOffer/698f31ef7843c.png","2.09","2.35","true","2","Iki 02.23 , nuo","","",""
"Maxima","Ant kraiko laikomų vištų kiaušiniai WELL DONE*, A klasė, M dydis, 1 dėž. (10 vnt.)","","2026-02-23","https://offers.maxima.lt/media/MarketingOffer/698f31f075e0f.png","2.35","2.65","false","0","1 vnt. – 0,24 €","-11%","",""
"Maxima","Natūrali sojų varškė LUNTER*, 180 g","","2026-02-23","https://offers.maxima.lt/media/MarketingOffer/698f31f0d2f84.png","0.79","0.89","true","0","Iki 02.23","","",""
"Maxima","Pelėsinis sūris BLEU FROMAGER D’AFFINOIS*, 71 % rieb. s. m., sveriamas, 1 kg","","2026-02-23","https://offers.maxima.lt/media/MarketingOffer/698f31f542f7f.png","19.99","22.99","true","2","Iki 02.23 , nuo","","",""
"Maxima","Kreminis sūris CASTELLO*, 2 rūšių, 24–27 % rieb. s. m., 125 g","","2026-02-23","https://offers.maxima.lt/media/MarketingOffer/698f31f50ae90.png","2.79","3.15","true","3","Iki 02.23 , nuo","","",""
"Maxima","Rūkytas lydytas sūris VISIEMS*, 40 % rieb. s. m., 330 g","","2026-02-23","https://offers.maxima.lt/media/MarketingOffer/698f31f49106c.png","2.45","2.75","true","0","Iki 02.23","","",""
"Maxima","Kietasis sūris WELL DONE*, 37 % rieb. s. m., brandintas 12 mėn., 180 g","","2026-02-23","https://offers.maxima.lt/media/MarketingOffer/698f31f59277c.png","2.49","2.79","true","0","Iki 02.23","","",""
"Maxima","Plėšomosios sūrio lazdelės MIAU*, 40 % rieb. s. m., 100 g","","2026-02-23","https://offers.maxima.lt/media/MarketingOffer/698f31f4aa737.png","2.29","2.59","true","0","Iki 02.23","","",""
"Maxima","Grūdėta varškė PIENO ŽVAIGŽDĖS*, 7 % rieb., 350 g","","2026-02-23","https://offers.maxima.lt/media/MarketingOffer/698f31f528bd5.png","2.55","2.89","true","0","Iki 02.23","","",""
"Maxima","Valgomasis jogurtas ACTIVIA*, 3 rūšių, 2,6–2,9 % rieb., 1 pak. (4 ind. × 120 g)","","2026-02-23","https://offers.maxima.lt/media/MarketingOffer/698f31f4c5385.png","2.59","2.99","true","0","Iki 02.23","","",""
"Maxima","Geriamasis jogurtas VILVI*, 3 rūšių, 2 % rieb., 750 g","","2026-02-23","https://offers.maxima.lt/media/MarketingOffer/698f31f578185.png","1.69","1.89","true","0","Iki 02.23","","",""
"Maxima","Glaistytas varškės sūrelis WELL DONE*, 3 rūšių, 21–23 % rieb., 45 g","","2026-02-23","https://offers.maxima.lt/media/MarketingOffer/698f31ee1844d.png","0.35","0.45","false","0","1 kg – 7,78 €","-22%","",""
"Maxima","Varškės sūrelis RYTAS*, 5 rūšių, 7,5–8 % rieb., 2 vnt. × 100 g","","2026-02-23","https://offers.maxima.lt/media/MarketingOffer/698f31ee00341.png","1.95","","false","0","1 kg – 9,75 €","","",""
"Maxima","Lydytas sūris MINI BABY BEL MIX*, 45–48 % rieb. s. m., 1 pak. (9 vnt. × 20 g)","","2026-03-02","https://offers.maxima.lt/media/MarketingOffer/6980b9a867492.png","4.99","6.29","true","3","Iki 03.02 , nuo","","",""
"Maxima","Lydytas sūris MINI BABY BEL ROLLS*, 38 % rieb. s. m., 1 pak. (5 vnt. × 17 g)","","2026-03-02","https://offers.maxima.lt/media/MarketingOffer/6980b9a0336e2.png","2.69","3.29","true","3","Iki 03.02 , nuo","","",""
"Maxima","Lydytas sūris LA VACHE QUI RIT su duonos lazdelėmis*, 15,5 % rieb. s. m., 175 g","","2026-03-02","https://offers.maxima.lt/media/MarketingOffer/6980b9a0cec0f.png","3.89","4.39","true","0","Iki 03.02","","",""
"Maxima","Sūris GRANA PADANO*, 32 % rieb. s. m., 1 pak. (5 vnt. × 20 g)","","2026-03-02","https://offers.maxima.lt/media/MarketingOffer/6980b9a04b15e.png","3.49","4.49","true","2","Iki 03.02 , nuo","","",""
"Maxima","Bri sūris ILE DE FRANCE*, 50 % rieb. s. m., 1 pak. (5 vnt. × 25 g)","","2026-03-02","https://offers.maxima.lt/media/MarketingOffer/6980b9a0a21b2.png","4.29","5.49","true","3","Iki 03.02 , nuo","","",""
"Maxima","Pjaustytas sūris TETE DE MOINET*, SKVN, 51 % rieb. s. m., 95 g","","2026-03-02","https://offers.maxima.lt/media/MarketingOffer/6980b9a08c6c7.png","5.99","7.09","false","2","1 kg – 63,05 €","-15%","",""
"Maxima","Paprikos su sūriu WELL DONE*, 2 rūšių, 49–59 % rieb. s. m., 150 g","","2026-03-02","https://offers.maxima.lt/media/MarketingOffer/6980b9a077898.png","1.99","2.59","true","0","Iki 03.02","","",""
"Maxima","Kreminio sūrio suktinukai WELL DONE*, 2 rūšių, 67 % rieb. s. m., 100 g","","2026-03-02","https://offers.maxima.lt/media/MarketingOffer/6980b9a062b57.png","1.69","1.99","true","0","Iki 03.02","","",""
"Maxima","Kepti sūrio gabaliukai JON-CHEDAR*, 3 rūšių, 42–43 % rieb. s. m., 80 g","","2026-03-02","https://offers.maxima.lt/media/MarketingOffer/6980b9a0b6a6f.png","1.19","1.69","true","0","Iki 03.02","","",""
"Maxima","Traškūs džiovinto sūrio kamuoliukai DŽIUGAS*, 3 rūšių, 40–45 % rieb. s. m., 40 g","","2026-03-02","https://offers.maxima.lt/media/MarketingOffer/6980b9a004672.png","1.49","1.99","true","0","Iki 03.02","","",""
"Maxima","Veganiški čeburekai GOURMET GREEN*, 1 pak. (2 vnt. × 85 g)","","2026-03-02","https://offers.maxima.lt/media/MarketingOffer/6980b9a01c7fc.png","2.29","2.89","true","3","Iki 03.02 , nuo","","",""
"Maxima","Humusas WELL DONE*, 3 rūšių, 160–210 g","","2026-03-02","https://offers.maxima.lt/media/MarketingOffer/6980b9a1540a8.png","1.09","1.29","false","0","1 kg ≥ 5,19 €","-15%","",""
"Maxima","Biskvitas su pieniniu kremu ir kakavos glaistu LILA VANILA*, 3 rūšių, 28,8 % rieb., 30 g","","2026-03-02","https://offers.maxima.lt/media/MarketingOffer/6980b9a16cf54.png","0.49","0.79","true","0","Iki 03.02","","",""
"Maxima","Biskvitinis batonėlis Nestlé NESQUIK*, 2 rūšių, 21,3–21,5 % rieb., 26 g","","2026-03-02","https://offers.maxima.lt/media/MarketingOffer/6980b9a121c5b.png","0.59","0.79","true","0","Iki 03.02","","",""
"Maxima","Veganiškas desertas su mėlynėmis GOURMET GREEN*, 100 g","","2026-03-02","https://offers.maxima.lt/media/MarketingOffer/6980b9a1c9502.png","1.99","2.29","true","3","Iki 03.02 , nuo","","",""
"Maxima","Kokosų kremas PLANTON CREAMO*, 15 % rieb., 200 g","","2026-03-02","https://offers.maxima.lt/media/MarketingOffer/6980b9a183990.png","1.39","1.69","true","3","Iki 03.02 , nuo","","",""
"Maxima","Valgomasis jogurtas NESTLÉ KIT KAT; NESQUIK*, 2 rūšių, 4,9–8 % rieb., 115–120 g","","2026-03-02","https://offers.maxima.lt/media/MarketingOffer/6980b9a0ea70d.png","0.79","1.09","true","2","Iki 03.02 , nuo","","",""
"Maxima","Valgomasis jogurtas PASCUAL*, 2 rūšių, 8,5 % rieb., 1 pak. (4 vnt. × 120 g)","","2026-03-02","https://offers.maxima.lt/media/MarketingOffer/6980b9a19bf90.png","2.29","2.99","true","2","Iki 03.02 , nuo","","",""
"Maxima","Valgomasis jogurtas DANONKI*, 3 rūšių, 2–2,2 % rieb., 70 g","","2026-03-02","https://offers.maxima.lt/media/MarketingOffer/6980b9a1b27d7.png","0.69","0.85","true","0","Iki 03.02","","",""
"Maxima","Jogurto gėrimas VALIO GEFILUS be laktozės*, 2 rūšių, 1,1 % rieb., 1 dėž. (4 vnt. × 100 g)","","2026-03-02","https://offers.maxima.lt/media/MarketingOffer/6980b9a10cda7.png","1.79","2.39","true","2","Iki 03.02 , nuo","","",""
"Maxima","Skoniniai šiaudeliai pienui QUICK MILK*, 4 rūšių, 2 pak. × 30 g","","2026-03-02","https://offers.maxima.lt/media/MarketingOffer/6980b9a13aed8.png","0.99","","false","0","1 kg – 33,00 €","","",""
"Maxima","Sūriams PRESIDENT*","","2026-03-02","https://offers.maxima.lt/media/MarketingOffer/698d8f8b79bf3.png","","","false","0","Iki 03.02","-30%","",""
"Maxima","Tepamasis sūris PHILADELPHIA ORIGINAL*, 21 % rieb., 300 g","","2026-03-02","https://offers.maxima.lt/media/MarketingOffer/69845f9b10159.png","2.29","4.29","false","0","1 kg – 7,63 €","-46%","",""
"Maxima","Lydytas sūris riekelėmis HOCHLAND*, 3 rūšių, 19–20 % rieb. s. m., 130 g","","2026-03-02","https://offers.maxima.lt/media/MarketingOffer/69845f9baa4b9.png","1.29","2.09","false","0","1 kg – 9,92 €","-38%","",""
"Maxima","Pieno batonėliai KINDER MAXI KING*, 37,5 % rieb., 1 pak. (3 vnt. × 35 g)","","2026-03-02","https://offers.maxima.lt/media/MarketingOffer/69845f9b3eefc.png","1.99","2.89","false","0","1 kg – 18,95 €","-31%","",""
"Maxima","Lydytas sviestas GHEE WELL DONE*, 99,8 % rieb., 500 g","","2026-03-02","https://offers.maxima.lt/media/MarketingOffer/69845f9c23f2d.png","6.99","10.49","false","0","1 kg – 13,98 €","-33%","",""
"Maxima","Majonezas HELLMANN’S ORIGINAL*, 76 % rieb., 625 ml","","2026-03-02","https://offers.maxima.lt/media/MarketingOffer/69845f9940f8f.png","2.99","5.79","false","0","1 l – 4,78 €","-48%","",""
"Maxima","Šviežia upėtakio filė su oda*, 1 kg","","2026-02-23","https://offers.maxima.lt/media/MarketingOffer/698f32008dfdb.png","12.99","16.99","false","0","Iki 02.23","-23%","",""
"Maxima","Atšildytos virtos baltakojės blyškiosios krevetės*, 1 kg","","2026-02-23","https://offers.maxima.lt/media/MarketingOffer/698f320198f79.png","8.99","13.99","false","2","Iki 02.23 , nuo","-35%","",""
"Maxima","Šviežios auksaspalvės dorados*, 1 kg","","2026-02-23","https://offers.maxima.lt/media/MarketingOffer/698f32006c880.png","12.99","16.99","false","2","Iki 02.23 , nuo","-23%","",""
"Maxima","Atitirpinta paltusinė plekšnė*, 1 kg","","2026-02-23","https://offers.maxima.lt/media/MarketingOffer/698f320105805.png","5.99","7.99","false","2","Iki 02.23 , nuo","-25%","",""
"Maxima","Lašišų filė su medaus ir garstyčių marinatu WELL DONE*, fasuota, 250 g","","2026-02-23","https://offers.maxima.lt/media/MarketingOffer/698f320128621.png","6.29","7.49","false","2","1 kg – 25,16 €","-16%","",""
"Maxima","Silkių filė ZIGMAS MATES*, 2 rūšių, 190–240 g","","2026-02-23","https://offers.maxima.lt/media/MarketingOffer/698f3200b3163.png","1.99","2.79","false","0","1 kg ≥ 8,29 €","-28%","",""
"Maxima","Sūdyta silkių filė be aliejaus WELL DONE*, 2 rūšių, 190 g","","2026-02-23","https://offers.maxima.lt/media/MarketingOffer/698f3201ebd79.png","1.59","2.29","false","0","1 kg – 8,37 €","-30%","",""
"Maxima","Sūdyti silkių filė gabaliukai DESĖ*, 200 g","","2026-02-23","https://offers.maxima.lt/media/MarketingOffer/698f32021ffec.png","1.59","1.99","false","0","1 kg – 7,95 €","-20%","",""
"Maxima","Silkių filė gabaliukai VIČI ATLANTIDA*, 3 rūšių, 200 g","","2026-02-23","https://offers.maxima.lt/media/MarketingOffer/698f31eea8f1c.png","1.69","2.29","false","2","1 kg – 8,45 €","-26%","",""
"Maxima","Kepti atlantinių silkių filė gabaliukai drebučiuose DAUPARŲ ŽUVIS*, 300 g","","2026-02-23","https://offers.maxima.lt/media/MarketingOffer/698f31ee7bfc9.png","1.99","2.49","false","2","1 kg – 6,63 €","-20%","",""
"Maxima","Sūdyta; šaltai rūkyta pjaustyta atlantinių lašišų filė WELL DONE*, 2 rūšių, 100 g","","2026-02-23","https://offers.maxima.lt/media/MarketingOffer/698f31ee64c10.png","2.79","3.79","false","0","1 kg – 27,90 €","-26%","",""
"Maxima","Vaivorykštinių upėtakių ikrai WELL DONE*, 200 g","","2026-02-23","https://offers.maxima.lt/media/MarketingOffer/698f31fd6ee71.png","9.99","18.99","false","0","1 kg – 49,95 €","-47%","",""
"Maxima","Lašišų filė WELL DONE*, 3 rūšių, 170 g","","2026-02-23","https://offers.maxima.lt/media/MarketingOffer/698f31fe020c6.png","1.79","2.39","false","0","1 kg – 10,53 €","-25%","",""
"Maxima","Gelsvauodegių tunų gabaliukai WELL DONE*, 3 rūšių, 185 g","","2026-02-23","https://offers.maxima.lt/media/MarketingOffer/698f31fdb2009.png","2.29","3.29","false","0","1 kg – 12,38 €","-30%","",""
"Maxima","Tuno paštetas ARGETA*, 2 rūšių, 95 g","","2026-03-02","https://offers.maxima.lt/media/MarketingOffer/6980b99f3df8b.png","1.59","2.09","false","0","1 kg – 16,74 €","-23%","",""
"Maxima","Tunai JOHN WEST*, 2 rūšių, 85 g","","2026-03-02","https://offers.maxima.lt/media/MarketingOffer/6980b99f27e80.png","1.99","2.99","true","2","Iki 03.02 , nuo","","",""
"Maxima","Stintenių ikrų užtepėlė su krevetėmis; lašiša VIČI*, 2 rūšių, 160 g","","2026-03-02","https://offers.maxima.lt/media/MarketingOffer/6980b99f52a79.png","1.99","3.29","true","0","Iki 03.02","","",""
"Maxima","Sūdyti ir vytinti geltondryžiai selarai; menkių griežinėliai MSDM*, 2 rūšių, 36 g","","2026-03-02","https://offers.maxima.lt/media/MarketingOffer/6980b99f6bd78.png","1.19","1.69","true","0","Iki 03.02","","",""
"Maxima","Nesmulkinti tunai CALVO*, 3 rūšių, 240 g","","2026-03-02","https://offers.maxima.lt/media/MarketingOffer/69845f98a9ea4.png","2.65","5.29","false","0","1 kg – 11,04 €","-49%","",""
"Maxima","Krabų skonio lazdelėms iš surimio VIČI*","","2026-03-02","https://offers.maxima.lt/media/MarketingOffer/69845f9adc2f0.png","","","false","0","Iki 03.02","-40%","",""
"Maxima","Kibinas su mėsos; vištienos; daržovių įdaru*, 3 rūšių, 2 vnt. × 105–115 g","","2026-02-23","https://offers.maxima.lt/media/MarketingOffer/698f31fcf3b6f.png","1.49","","false","0","1 kg ≥ 6,48 €","","",""
"Maxima","Veganiška duona su kanapėmis*, 390 g, 1 vnt","","2026-02-23","https://offers.maxima.lt/media/MarketingOffer/698f31fc52363.png","1.29","1.45","false","0","1 kg – 3,31 €","-11%","",""
"Maxima","Akmeninėje krosnyje kepta duona*, 500 g, 1 vnt.","","2026-02-23","https://offers.maxima.lt/media/MarketingOffer/698f31fd216eb.png","1.39","1.59","false","0","1 kg – 2,78 €","-12%","",""
"Maxima","Bandelė VARŠKINĖ SRAIGĖ (atitirpinta)*, 3 vnt. × 60 g","","2026-02-23","https://offers.maxima.lt/media/MarketingOffer/698f31fc13ffc.png","0.99","","false","0","1 kg – 5,50 €","","",""
"Maxima","Spurga BUBBLE GUM IŠDAIGA (atitirpinta)*, 2 vnt. × 55 g","","2026-02-23","https://offers.maxima.lt/media/MarketingOffer/698f31fcd5838.png","0.99","","false","0","1 kg – 9,00 €","","",""
"Maxima","Dešrainis*, 140 g, 1 vnt.","","2026-02-23","https://offers.maxima.lt/media/MarketingOffer/698f31fd44dd5.png","1.39","1.59","false","0","1 kg – 9,93 €","-12%","",""
"Maxima","Pyragėlis su bananų skonio įdaru LANKELIS*, 2 vnt. × 90 g","","2026-02-23","https://offers.maxima.lt/media/MarketingOffer/698f31fc333f3.png","0.99","","false","0","1 kg – 5,50 €","","",""
"Maxima","VERBŪNŲ pyragas su cinamonu*, 550 g","","2026-02-23","https://offers.maxima.lt/media/MarketingOffer/698f31fc95636.png","1.79","1.99","false","2","1 kg – 3,25 €","-10%","",""
"Maxima","Sviestinis mini kruasanas*, 5 vnt. × 19 g","","2026-03-02","https://offers.maxima.lt/media/MarketingOffer/6980b99f11f5e.png","0.99","","false","0","1 kg – 52,11 €","","",""
"Maxima","Šokoladinis BIRŽŲ DUONOS DUBAJAUS pyragėlis (atitirpintas)*, 105 g, 1 vnt.","","2026-03-02","https://offers.maxima.lt/media/MarketingOffer/6980b99fc545e.png","1.99","2.49","true","2","Iki 03.02 , nuo","","",""
"Maxima","Kruasanas su karameliniu įdaru*, 75 g, 1 vnt.","","2026-03-02","https://offers.maxima.lt/media/MarketingOffer/69845f979e7d1.png","0.39","0.69","false","0","1 kg – 2,60 €","-43%","",""
"Maxima","Raikytas KLAIPĖDOS batonas*, 400 g","","2026-02-23","https://offers.maxima.lt/media/MarketingOffer/698f32040cde3.png","1.09","1.39","false","0","1 kg – 2,73 €","-21%","",""
"Maxima","GARDĖSIO raikyta TIP TOP; SUMUŠTINIŲ duona*, 2 rūšių, 240–500 g","","2026-02-23","https://offers.maxima.lt/media/MarketingOffer/698f3204ac84f.png","1.29","1.59","false","0","1 kg ≥ 2,58 €","-18%","",""
"Maxima","VERBŪNŲ plikyta duona*, 2 rūšių, 600–800 g","","2026-02-23","https://offers.maxima.lt/media/MarketingOffer/698f31ff592b8.png","1.39","1.69","false","2","1 kg ≥ 1,74 €","-17%","",""
"Maxima","TIKRA ruginė duona LIETUVOS KEPĖJAS*, 730 g","","2026-02-23","https://offers.maxima.lt/media/MarketingOffer/698f31ff0f991.png","1.19","2.35","false","2","1 kg – 1,63 €","-49%","",""
"Maxima","GARDĖSIO raikyta juoda duona JORĖ su saulėgrąžomis*, 580 g","","2026-02-23","https://offers.maxima.lt/media/MarketingOffer/698f31ff3374c.png","1.99","2.49","false","0","1 kg – 3,43 €","-20%","",""
"Maxima","Mėsainių; dešrainių bandelės VILNIAUS DUONA*, 3 rūšių, 280–320 g","","2026-02-23","https://offers.maxima.lt/media/MarketingOffer/698f31fa15212.png","2.39","2.99","false","0","1 kg ≥ 7,47 €","-20%","",""
"Maxima","BIRŽŲ DUONOS sumuštinių bandelės ŠMEIGELIAI*, 2 rūšių, 320–340 g","","2026-03-02","https://offers.maxima.lt/media/MarketingOffer/69845f97d3b78.png","1.79","2.89","false","0","1 kg ≥ 5,26 €","-38%","",""
"Maxima","Perkant 2 ar daugiau šaldytų prekių, taikoma 30 % nuolaida*","","2026-02-23","https://offers.maxima.lt/media/MarketingOffer/698f31eabe6d1.png","","","false","0","Iki 02.23","-30%","",""
"Maxima","Šaldyti močiai BOUJEE*, 2 rūšių, 1 dėž. (6 vnt. × 40 g)","","2026-02-23","https://offers.maxima.lt/media/MarketingOffer/698f31eb78ed6.png","2.79","3.99","true","2","Iki 02.23 , nuo","","",""
"Maxima","Šaldyta ryklinių šamų filė be odos NOWACO*, 560 g","","2026-02-23","https://offers.maxima.lt/media/MarketingOffer/698f31fe47f8e.png","3.15","4.55","true","0","Iki 02.23","","",""
"Maxima","Šaldytos virtos baltakojės krevetės su uodegėlėmis MY CATCH*, 250 g","","2026-02-23","https://offers.maxima.lt/media/MarketingOffer/698f31fd91073.png","5.59","7.99","false","2","1 kg – 22,36 €","-30%","",""
"Maxima","Šaldyti KARALIŠKIEJI koldūnai su mėsos įdaru LIŪTUKAS IR KO*, 800 g","","2026-02-23","https://offers.maxima.lt/media/MarketingOffer/698f31ed7e662.png","3.69","6.19","true","0","Iki 02.23","","",""
"Maxima","Šaldyti LIŪTUKAS IR KO koldūnai KAKĖ MAKĖ su vištienos įdaru*, 400 g","","2026-02-23","https://offers.maxima.lt/media/MarketingOffer/698f31eddb9e2.png","3.19","4.59","true","2","Iki 02.23 , nuo","","",""
"Maxima","Šaldyti MAMOS tarkuotų bulvių cepelinai su mėsos įdaru JUDEX*, 800 g","","2026-02-23","https://offers.maxima.lt/media/MarketingOffer/698f31ee2e955.png","2.89","4.19","true","0","Iki 02.23","","",""
"Maxima","Šaldytos gruzdintos bulvytės FARM FRITES LONG & CRUNCHY*, 600 g","","2026-02-23","https://offers.maxima.lt/media/MarketingOffer/698f31edc366a.png","1.95","2.79","true","0","Iki 02.23","","",""
"Maxima","Šaldyta pica WELL DONE SPECIALE; SALAMI*, 2 rūšių, 325–370 g","","2026-02-23","https://offers.maxima.lt/media/MarketingOffer/698f31ee4d64c.png","1.69","2.49","true","0","Iki 02.23","","",""
"Maxima","Šaldyti sviestiniai kruasanai; bandelės BEATOS VIRTUVĖ*, 2 rūšių, 320–350 g","","2026-02-23","https://offers.maxima.lt/media/MarketingOffer/698f31edadc78.png","3.39","4.89","false","2","1 kg ≥ 9,69 €","-30%","",""
"Maxima","Plombyras puodelyje AURUM RETRO*, 2 rūšių, 70 g","","2026-02-23","https://offers.maxima.lt/media/MarketingOffer/698f31ed67e33.png","0.69","1.09","false","0","1 kg – 9,86 €","-36%","",""
"Maxima","Valgomieji ledai ragelyje BALTIJA*, 3 rūšių, 81–95 g","","2026-02-23","https://offers.maxima.lt/media/MarketingOffer/698f31ed97061.png","1.49","2.49","false","0","1 kg ≥ 15,68 €","-40%","",""
"Maxima","Valgomieji ledai; plombyras KLASIKA*, 3 rūšių, 500 g","","2026-02-23","https://offers.maxima.lt/media/MarketingOffer/698f31ed4d72c.png","2.99","4.29","true","0","Iki 02.23","","",""
"Maxima","Valgomiesiems ledams DIONE*","","2026-02-23","https://offers.maxima.lt/media/MarketingOffer/698f31ef281b0.png","","","false","0","Iki 02.23","-30%","",""
"Maxima","Vanilinis plombyras indelyje WELL DONE*, 3 rūšių, 310 g","","2026-02-23","https://offers.maxima.lt/media/MarketingOffer/698f31eed6a5f.png","2.69","3.89","false","0","1 kg – 8,68 €","-30%","",""
"Maxima","Šaldyta tartaletė WELL DONE PREMIUM*, 2 rūšių, 420–480 g","","2026-03-02","https://offers.maxima.lt/media/MarketingOffer/6980b9a1e80a9.png","5.99","8.49","true","2","Iki 03.02 , nuo","","",""
"Maxima","Šaldyti keksiukai; kruasanai su įdaru NUTELLA*, 2 rūšių, 264–340 g","","2026-03-02","https://offers.maxima.lt/media/MarketingOffer/6980b9a294d85.png","4.99","5.99","true","2","Iki 03.02 , nuo","","",""
"Maxima","Plombyras indelyje MIO & RIO*, 2 rūšių, 310 g","","2026-03-02","https://offers.maxima.lt/media/MarketingOffer/6980b9a27e072.png","1.99","2.99","true","0","Iki 03.02","","",""
"Maxima","Valgomieji ledai indelyje ZOZOLE, citrinų ir braškių skonio*, 312 g","","2026-03-02","https://offers.maxima.lt/media/MarketingOffer/6980b9a250494.png","1.19","1.99","true","2","Iki 03.02 , nuo","","",""
"Maxima","Valgomieji ledai ant pagaliuko ZOZOLE, dviejų skonių*, 91 g, 1 dėž. (6 vnt.)","","2026-03-02","https://offers.maxima.lt/media/MarketingOffer/6980b9a2aae21.png","2.99","3.99","true","2","Iki 03.02 , nuo","","",""
"Maxima","Valgomieji ledai ant pagaliuko MILKA MINI*, 222 g","","2026-03-02","https://offers.maxima.lt/media/MarketingOffer/6980b9a22189f.png","4.99","7.99","true","3","Iki 03.02 , nuo","","",""
"Maxima","Valgomieji ledai su sausainių gabaliukais OREO MINI*, 204 g","","2026-03-02","https://offers.maxima.lt/media/MarketingOffer/6980b9a208ae7.png","4.49","7.99","true","2","Iki 03.02 , nuo","","",""
"Maxima","Valgomieji ledai ragelyje SNICKERS; M&M’S*, 2 rūšių, 59–70 g","","2026-03-02","https://offers.maxima.lt/media/MarketingOffer/6980b9a2677d4.png","1.79","2.59","true","3","Iki 03.02 , nuo","","",""
"Maxima","Valgomieji ledai ant pagaliuko KAR KAR X GAIDELIS su sausainiais*, 52 g","","2026-03-02","https://offers.maxima.lt/media/MarketingOffer/6980b9a2c0f12.png","0.79","1.19","true","0","Iki 03.02","","",""
"Maxima","Šaldytos surimio lazdelės tempuroje VIČI PREMIUM*, 300 g","","2026-03-02","https://offers.maxima.lt/media/MarketingOffer/6980b9a23943b.png","3.49","3.99","true","3","Iki 03.02 , nuo","","",""
"Maxima","Šaldytų užkandžių rinkinys FINGIES AMERICAN STYLE*, 410 g","","2026-03-02","https://offers.maxima.lt/media/MarketingOffer/6980b9a371139.png","4.39","5.49","true","3","Iki 03.02 , nuo","","",""
"Maxima","Šaldytas užkandis VIČI FOOD LUCK*, 2 rūšių, 300 g","","2026-03-02","https://offers.maxima.lt/media/MarketingOffer/6980b9a32cc22.png","3.19","3.99","true","2","Iki 03.02 , nuo","","",""
"Maxima","Šaldytos mocarelos lazdelės FINGIES*, 250 g","","2026-03-02","https://offers.maxima.lt/media/MarketingOffer/6980b9a343018.png","2.99","3.85","true","2","Iki 03.02 , nuo","","",""
"Maxima","Šaldytas sūrio užkandis FINGIES GOUDA BITES*, 250 g","","2026-03-02","https://offers.maxima.lt/media/MarketingOffer/6980b9a3a21b9.png","2.45","3.09","true","2","Iki 03.02 , nuo","","",""
"Maxima","Šaldytos krabų žnyplės VIČI iš surimio*, 245 g","","2026-03-02","https://offers.maxima.lt/media/MarketingOffer/6980b9a388d04.png","2.69","3.29","true","2","Iki 03.02 , nuo","","",""
"Maxima","Šaldytos nevirtos krevetės SUNRISE*, 800 g","","2026-03-02","https://offers.maxima.lt/media/MarketingOffer/69845f9aef1c9.png","11.99","19.99","false","0","1 kg – 14,99 €","-40%","",""
"Maxima","Šaldytai produkcijai DONE COOKIN*","","2026-03-02","https://offers.maxima.lt/media/MarketingOffer/69845f9b67a8d.png","","","false","0","Iki 03.02","-40%","",""
"Maxima","Šaldytos apkeptos bulvių skiltelės su odelėmis NATALI*, 600 g","","2026-03-02","https://offers.maxima.lt/media/MarketingOffer/69845f9b2a5e0.png","1.29","2.15","true","2","Iki 03.02 , nuo","","",""
"Maxima","Šaldyti blyneliai VIČI su braškių įdaru*, 280 g","","2026-03-02","https://offers.maxima.lt/media/MarketingOffer/69845f9b936ad.png","1.49","2.49","false","2","1 kg – 5,32 €","-40%","",""
"Maxima","Valgomieji ledai MAGNUM MIX MINI*, 3 rūšių, 254–276 g","","2026-03-02","https://offers.maxima.lt/media/MarketingOffer/69845f9b55141.png","4.49","8.99","true","0","Iki 03.02","","",""
"Maxima","Šaldytiems žuvies pusgaminiams FINDUS*","","2026-03-02","https://offers.maxima.lt/media/MarketingOffer/698add4f780af.png","","","false","2","Iki 03.02 , nuo","-50%","",""
"Maxima","Sausainiams MILKA*","","2026-02-22","https://offers.maxima.lt/media/MarketingOffer/698f3206e8287.png","","","false","0","Iki 02.22","-40%","",""
"Maxima","Perkant 2 ar daugiau guminukų, šok. baton., šok. plytelių, sald. dėž., taikoma 30 % nuolaida*","","2026-02-23","https://offers.maxima.lt/media/MarketingOffer/698f31eb06360.png","","","false","0","Iki 02.23","-30%","",""
"Maxima","Sausainiai GAIDELIS 7 GRŪDAI*, 3 rūšių, 160 g","","2026-02-23","https://offers.maxima.lt/media/MarketingOffer/698f3204d6bcc.png","0.99","1.29","true","0","Iki 02.23","","",""
"Maxima","Vafliai ROSHEN*, 3 rūšių, 216 g","","2026-02-23","https://offers.maxima.lt/media/MarketingOffer/698f320bef01e.png","1.35","1.79","true","0","Iki 02.23","","",""
"Maxima","Raguolis su įdaru WELL DONE*, 3 rūšių, 2 vnt. × 60 g","","2026-02-23","https://offers.maxima.lt/media/MarketingOffer/698f320c29d76.png","0.99","","false","0","1 kg – 8,25 €","","",""
"Maxima","Sausainiai su įdaru MIO & RIO*, 2 rūšių, 500 g","","2026-02-23","https://offers.maxima.lt/media/MarketingOffer/698f320bbfc94.png","1.85","2.45","false","0","1 kg – 3,70 €","-24%","",""
"Maxima","VILNIAUS DUONOS arbatiniai; aguoniniai traškučiai IMK*, 2 rūšių, 300 g","","2026-02-23","https://offers.maxima.lt/media/MarketingOffer/698f320b92e19.png","1.49","2.19","false","0","1 kg – 4,97 €","-31%","",""
"Maxima","Saldainiai MIGLĖ*, sveriami, 1 kg","","2026-02-23","https://offers.maxima.lt/media/MarketingOffer/698f320ad3702.png","7.49","11.99","true","0","Iki 02.23","","",""
"Maxima","Saldainiai ROSHEN MILKY SPLASH*, sveriami, 1 kg","","2026-02-23","https://offers.maxima.lt/media/MarketingOffer/698f320c8a796.png","5.49","7.59","true","0","Iki 02.23","","",""
"Maxima","Saldainiai su žemės riešutais ROSHEN KROCK*, sveriami, 1 kg","","2026-02-23","https://offers.maxima.lt/media/MarketingOffer/698f320b3a907.png","6.29","8.99","true","3","Iki 02.23 , nuo","","",""
"Maxima","Saldainiai MILKA ALPINE MILK*, 2 rūšių, 330 g","","2026-02-23","https://offers.maxima.lt/media/MarketingOffer/698f320ce592d.png","3.99","5.99","true","0","Iki 02.23","","",""
"Maxima","Karameliniai saldainiai su lazdynų riešutų kremu TOFFIFEE*, 125 g","","2026-02-23","https://offers.maxima.lt/media/MarketingOffer/698f320e0af9d.png","1.99","2.89","true","0","Iki 02.23","","",""
"Maxima","Pieninis šokoladas LACMI*, 3 rūšių, 85–90 g","","2026-02-23","https://offers.maxima.lt/media/MarketingOffer/698f320e409b8.png","1.29","1.89","true","2","Iki 02.23 , nuo","","",""
"Maxima","Šokoladas TOBLERONE*, 3 rūšių, 100 g","","2026-02-23","https://offers.maxima.lt/media/MarketingOffer/698f320cb9139.png","1.99","3.29","true","0","Iki 02.23","","",""
"Maxima","Vaflinis batonėlis PRINCE POLO XXL*, 3 rūšių, 45 g","","2026-02-23","https://offers.maxima.lt/media/MarketingOffer/698f320d782ec.png","0.49","0.79","true","0","Iki 02.23","","",""
"Maxima","Vanilės skonio zefyrų puselės PERGALĖ*, 505 g","","2026-02-23","https://offers.maxima.lt/media/MarketingOffer/698f320da7ec5.png","2.79","3.99","true","0","Iki 02.23","","",""
"Maxima","Guminukai WELL DONE*, 3 rūšių, 35 g","","2026-02-23","https://offers.maxima.lt/media/MarketingOffer/698f320e73748.png","0.89","1.29","true","0","Iki 02.23","","",""
"Maxima","Guminukai RED BAND*, 110 g","","2026-02-23","https://offers.maxima.lt/media/MarketingOffer/698f31f25053f.png","1.29","1.89","true","0","Iki 02.23","","",""
"Maxima","Pastilės MYNTHON*, 3 rūšių, 31–34 g","","2026-02-23","https://offers.maxima.lt/media/MarketingOffer/698f31f3123f3.png","0.69","0.89","true","0","Iki 02.23","","",""
"Maxima","Lūpdažio formos saldainis SANRIO*, 3 rūšių, 5 g","","2026-03-02","https://offers.maxima.lt/media/MarketingOffer/6980b9a751fc7.png","1.19","1.59","true","0","Iki 03.02","","",""
"Maxima","Kramtomoji guma; saldainiai MINECRAFT*, 2 rūšių, 31–80 g","","2026-03-02","https://offers.maxima.lt/media/MarketingOffer/6980b9a6bc435.png","0.79","0.99","true","0","Iki 03.02","","",""
"Maxima","Mini bandelės su cinamono; karamelės įdaru FAZER*, 2 rūšių, 220–240 g","","2026-03-02","https://offers.maxima.lt/media/MarketingOffer/6980b99fafd0c.png","1.79","2.39","false","0","1 kg ≥ 7,46 €","-25%","",""
"Maxima","Rūgštūs saldainiai su šerbetu WARHEADS*, 35 g","","2026-03-02","https://offers.maxima.lt/media/MarketingOffer/6980b9a3b9b30.png","1.49","1.99","true","2","Iki 03.02 , nuo","","",""
"Maxima","Saldainiai POKEMON*, 3 rūšių, 30 g","","2026-03-02","https://offers.maxima.lt/media/MarketingOffer/6980b9a2ddb12.png","2.49","3.49","true","0","Iki 03.02","","",""
"Maxima","Raguoliai su įdaru BAULI*, 3 rūšių, 50 g","","2026-03-02","https://offers.maxima.lt/media/MarketingOffer/6980b9a314dee.png","0.59","0.69","true","2","Iki 03.02 , nuo","","",""
"Maxima","Keksiukai CHOC-CHIPS PAW PATROL; MINECRAFT*, 2 rūšių, 1 maiš. (5 vnt. × 25 g)","","2026-03-02","https://offers.maxima.lt/media/MarketingOffer/6980b9a35a667.png","1.49","1.99","true","2","Iki 03.02 , nuo","","",""
"Maxima","Maži kakaviniai sausainiai MAXIES*, 3 rūšių, 100 g","","2026-03-02","https://offers.maxima.lt/media/MarketingOffer/6980b9a45dc77.png","0.99","1.39","true","0","Iki 03.02","","",""
"Maxima","Sausainiai KINDER CARDS*, 76,8 g","","2026-03-02","https://offers.maxima.lt/media/MarketingOffer/6980b9a41263e.png","2.39","2.99","true","0","Iki 03.02","","",""
"Maxima","Sausainiai LOTUS BISCOFF*, 250 g","","2026-03-02","https://offers.maxima.lt/media/MarketingOffer/6980b9a4aabec.png","2.19","2.99","true","2","Iki 03.02 , nuo","","",""
"Maxima","Sausainiai NUTELLA*, 193 g","","2026-03-02","https://offers.maxima.lt/media/MarketingOffer/6980b9a3ecc8e.png","3.19","3.99","true","2","Iki 03.02 , nuo","","",""
"Maxima","Sausainiai MALTESERS*, 110 g","","2026-03-02","https://offers.maxima.lt/media/MarketingOffer/6980b9a3d70a5.png","1.99","2.99","true","0","Iki 03.02","","",""
"Maxima","Maži sausainiai OREO CRUNCHIES; MILKA MINI COOKIES*, 2 rūšių, 110 g","","2026-03-02","https://offers.maxima.lt/media/MarketingOffer/6980b9a44574a.png","1.99","2.99","true","2","Iki 03.02 , nuo","","",""
"Maxima","Kakaviniai sausainiai OREO su braškinio sūrio pyrago įdaru*, 154 g","","2026-03-02","https://offers.maxima.lt/media/MarketingOffer/6980b9a4c2fb3.png","1.79","2.49","true","0","Iki 03.02","","",""
"Maxima","Sausainiai MARABOU*, 2 rūšių, 184 g","","2026-03-02","https://offers.maxima.lt/media/MarketingOffer/6980b9a4922cf.png","2.59","3.39","true","2","Iki 03.02 , nuo","","",""
"Maxima","Pieninis šokoladas MILKA*, 3 rūšių, 90–95 g","","2026-03-02","https://offers.maxima.lt/media/MarketingOffer/6980b9a42ca62.png","1.59","2.59","true","0","Iki 03.02","","",""
"Maxima","Pieninio; baltojo šokolado plytelė REESE’S*, 2 rūšių, 90 g","","2026-03-02","https://offers.maxima.lt/media/MarketingOffer/6980b9a47850e.png","2.49","3.49","true","3","Iki 03.02 , nuo","","",""
"Maxima","Pieninis šokoladas KINDER*, 100 g","","2026-03-02","https://offers.maxima.lt/media/MarketingOffer/6980b9a58513d.png","1.89","2.49","true","0","Iki 03.02","","",""
"Maxima","Pyragaičiai KINDER DELICE*, 1 dėž. (4 vnt. × 39 g)","","2026-03-02","https://offers.maxima.lt/media/MarketingOffer/6980b9a4df85e.png","2.49","3.49","true","2","Iki 03.02 , nuo","","",""
"Maxima","Šokoladiniai krepšeliai REESE’S MINIS*, 90 g","","2026-03-02","https://offers.maxima.lt/media/MarketingOffer/6980b9a5d1e4e.png","2.19","3.29","true","2","Iki 03.02 , nuo","","",""
"Maxima","Šokoladiniai saldainiai HERSHEY’S KISSES*, 82 g","","2026-03-02","https://offers.maxima.lt/media/MarketingOffer/6980b9a51f5ab.png","2.19","2.99","true","3","Iki 03.02 , nuo","","",""
"Maxima","Šokoladinis kiaušinis AHA ZOO*, 20 g","","2026-03-02","https://offers.maxima.lt/media/MarketingOffer/6980b9a59e8ea.png","0.79","1.09","true","0","Iki 03.02","","",""
"Maxima","Šokoladinis batonėlis REESE’S*, 42 g","","2026-03-02","https://offers.maxima.lt/media/MarketingOffer/6980b9a5b9567.png","1.39","1.99","true","2","Iki 03.02 , nuo","","",""
"Maxima","Šokoladiniai batonėliai SNICKERS; TWIX*, 2 rūšių, 1 pak. (10 vnt. × 50 g)","","2026-03-02","https://offers.maxima.lt/media/MarketingOffer/6980b9a504c16.png","4.49","6.49","true","0","Iki 03.02","","",""
"Maxima","Šokoladinis batonėlis SNICKERS PEANUT BROWNIE*, 45 g","","2026-03-02","https://offers.maxima.lt/media/MarketingOffer/6980b9a538dc4.png","0.79","1.49","true","2","Iki 03.02 , nuo","","",""
"Maxima","Šokoladinis batonėlis NESTLÉ JUNGLY*, 102 g","","2026-03-02","https://offers.maxima.lt/media/MarketingOffer/6980b9a550caf.png","1.99","2.99","true","2","Iki 03.02 , nuo","","",""
"Maxima","Šokolado plytelėms ir batonėliams NESTLÉ KIT KAT*","","2026-03-02","https://offers.maxima.lt/media/MarketingOffer/6980b9a56c3e4.png","","","false","0","Iki 03.02","-40%","",""
"Maxima","Vaflinis batonėlis NESTLÉ NESQUIK*, 26 g","","2026-03-02","https://offers.maxima.lt/media/MarketingOffer/6980b9a95d4bd.png","0.49","0.79","true","0","Iki 03.02","","",""
"Maxima","Vaflinis batonėlis PRINCE POLO MILKA*, 45 g","","2026-03-02","https://offers.maxima.lt/media/MarketingOffer/6980b9a97ea25.png","0.59","0.79","true","0","Iki 03.02","","",""
"Maxima","Vaflinis batonėlis KINDER CRISPY*, 34 g","","2026-03-02","https://offers.maxima.lt/media/MarketingOffer/6980b9a90728c.png","0.89","1.19","true","0","Iki 03.02","","",""
"Maxima","Vaflinis batonėlis KINDER BUENO DARK*, 43 g","","2026-03-02","https://offers.maxima.lt/media/MarketingOffer/6980b9aa205e9.png","0.89","1.29","true","0","Iki 03.02","","",""
"Maxima","Vafliniai batonėliai KINDER BUENO*, 2 rūšių, 117–129 g","","2026-03-02","https://offers.maxima.lt/media/MarketingOffer/6980b9a93f62d.png","2.69","3.69","true","2","Iki 03.02 , nuo","","",""
"Maxima","Riešutų batonėlis PAUZE*, 3 rūšių, 30 g","","2026-03-02","https://offers.maxima.lt/media/MarketingOffer/6980b9aa02773.png","0.49","0.69","true","3","Iki 03.02 , nuo","","",""
"Maxima","Produkcijai RŪTA GREENZ*","","2026-03-02","https://offers.maxima.lt/media/MarketingOffer/6980b9a9d9ddd.png","","","false","2","Iki 03.02 , nuo","-30%","",""
"Maxima","Funkcinis batonėlis EP BAR su žemės riešutų kremu*, 52 g","","2026-03-02","https://offers.maxima.lt/media/MarketingOffer/6980b9a99e1f5.png","1.69","2.49","true","3","Iki 03.02 , nuo","","",""
"Maxima","Baltyminis batonėlis MAXI NUTRITION su pistacijų įdaru*, 45 g","","2026-03-02","https://offers.maxima.lt/media/MarketingOffer/6980b9a9bbb25.png","1.79","2.69","true","2","Iki 03.02 , nuo","","",""
"Maxima","Baltyminis batonėlis ME2U MULTILAYER*, 3 rūšių, 50 g","","2026-03-02","https://offers.maxima.lt/media/MarketingOffer/6980b9a922f92.png","1.69","2.69","true","2","Iki 03.02 , nuo","","",""
"Maxima","Baltyminiai rutuliukai GAM’S*, 3 rūšių, 70 g","","2026-03-02","https://offers.maxima.lt/media/MarketingOffer/6980b9a618178.png","1.99","2.99","true","2","Iki 03.02 , nuo","","",""
"Maxima","Liofilizuotos uogos su pien. kakavos; šokolado glaistu PERGALĖ PICKS*, 3 rūšių, 90 g","","2026-03-02","https://offers.maxima.lt/media/MarketingOffer/6980b9a5f150a.png","2.19","2.99","true","2","Iki 03.02 , nuo","","",""
"Maxima","Želiniai saldainiai AMOS MYSTERY CUBE PEELERZ*, 55 g","","2026-03-02","https://offers.maxima.lt/media/MarketingOffer/6980b9a634e2c.png","1.49","1.99","true","2","Iki 03.02 , nuo","","",""
"Maxima","Guminukai GUPPERZ*, 3 rūšių, 72 g","","2026-03-02","https://offers.maxima.lt/media/MarketingOffer/6980b9a68687d.png","1.99","2.99","true","2","Iki 03.02 , nuo","","",""
"Maxima","Guminukai SKITTLES SQUISHY CLOUDZ FRUITS*, 94 g","","2026-03-02","https://offers.maxima.lt/media/MarketingOffer/6980b9a66a93e.png","1.69","2.59","true","0","Iki 03.02","","",""
"Maxima","Guminukai HARIBO GOLDBEARS*, 250 g","","2026-03-02","https://offers.maxima.lt/media/MarketingOffer/6980b99bd96cc.png","2.99","3.99","true","2","Iki 03.02 , nuo","","",""
"Maxima","Guminukai SOUR PATCH GLOWUPS*, 87 g","","2026-03-02","https://offers.maxima.lt/media/MarketingOffer/6980b99c327ba.png","1.49","1.99","true","2","Iki 03.02 , nuo","","",""
"Maxima","Guminukai CANDY POP GUMMY FUSION MIX su įdaru*, 150 g","","2026-03-02","https://offers.maxima.lt/media/MarketingOffer/6980b99b89e7b.png","2.19","2.99","true","0","Iki 03.02","","",""
"Maxima","Kramtomieji saldainiai MINECRAFT*, 1 dėž. (6 pak. × 15 g)","","2026-03-02","https://offers.maxima.lt/media/MarketingOffer/6980b99c0b809.png","1.49","1.99","true","2","Iki 03.02 , nuo","","",""
"Maxima","Kramtomieji saldainiai MENTOS*, 2 rūšių, 140–160 g","","2026-03-02","https://offers.maxima.lt/media/MarketingOffer/6980b99bae816.png","1.69","2.49","true","2","Iki 03.02 , nuo","","",""
"Maxima","Kramtomieji saldainiai MENTOS FANTA ROLLS*, 38 g","","2026-03-02","https://offers.maxima.lt/media/MarketingOffer/6980b99bc4bd9.png","0.69","0.99","true","0","Iki 03.02","","",""
"Maxima","Kramtomieji saldainiai SKITTLES*, 2 rūšių, 136 g","","2026-03-02","https://offers.maxima.lt/media/MarketingOffer/6980b99c209a6.png","1.49","1.99","true","0","Iki 03.02","","",""
"Maxima","Kramtomieji saldainiai SKITTLES*, 2 rūšių, 38 g","","2026-03-02","https://offers.maxima.lt/media/MarketingOffer/6980b99c5c6c7.png","0.59","0.99","true","0","Iki 03.02","","",""
"Maxima","Rūgštūs guminukai SPONGEBOB SOUR BITES*, 75 g","","2026-03-02","https://offers.maxima.lt/media/MarketingOffer/6980b99beb925.png","0.99","1.39","true","0","Iki 03.02","","",""
"Maxima","Saldumynams CHUPA CHUPS*","","2026-03-02","https://offers.maxima.lt/media/MarketingOffer/6980b99c47b46.png","","","false","0","Iki 03.02","-40%","",""
"Maxima","Cukraus vata THE SMURFS*, 50 g","","2026-03-02","https://offers.maxima.lt/media/MarketingOffer/6980b99d4de3a.png","1.59","2.29","true","3","Iki 03.02 , nuo","","",""
"Maxima","Lazdelės su braškių; žaliosios arbat.; sausainių skonio glaistu POCKY*, 3 rūšių, 33–45 g","","2026-03-02","https://offers.maxima.lt/media/MarketingOffer/6980b99db9aaf.png","1.29","2.59","false","3","1 kg ≥ 28,67 €","-50%","",""
"Maxima","Lazdynų riešutai su pieniniu kakavos glaistu PERGALĖ PICKS*, 90 g","","2026-03-02","https://offers.maxima.lt/media/MarketingOffer/6980b99da3b11.png","1.39","1.99","true","2","Iki 03.02 , nuo","","",""
"Maxima","Pastilės TIC TAC TWO*, 2 rūšių, 38,5 g","","2026-03-02","https://offers.maxima.lt/media/MarketingOffer/6980b99c89970.png","1.49","1.99","true","0","Iki 03.02","","",""
"Maxima","Saldumynams GEISHA*","","2026-03-02","https://offers.maxima.lt/media/MarketingOffer/69845f99bed96.png","","","false","0","Iki 03.02","-40%","",""
"Maxima","Produkcijai BIONATURALIS*","","2026-02-22","https://offers.maxima.lt/media/MarketingOffer/698f32071ca67.png","","","false","0","Iki 02.22","-40%","",""
"Maxima","Perkant 2 ar daugiau prieskonių, taikoma 50 % nuolaida*","","2026-02-22","https://offers.maxima.lt/media/MarketingOffer/698f31e9359e8.png","","","false","0","Iki 02.22","-50%","",""
"Maxima","Greitai paruošiamiems makaronams SUN YAN*","","2026-02-23","https://offers.maxima.lt/media/MarketingOffer/698f31ec1db6e.png","","","false","0","Iki 02.23","-50%","",""
"Maxima","Kukurūzų traškučiai DORITOS*, 2 rūšių, 100 g","","2026-02-23","https://offers.maxima.lt/media/MarketingOffer/698f31ec44b96.png","1.49","1.99","true","0","Iki 02.23","","",""
"Maxima","Kiaušininiai makaronai SANTA MARIA*, 250 g","","2026-02-23","https://offers.maxima.lt/media/MarketingOffer/698f31ec3186d.png","1.49","1.99","true","0","Iki 02.23","","",""
"Maxima","Greitai paruošiami makaronai MAGGI*, 3 rūšių, 75 g","","2026-02-23","https://offers.maxima.lt/media/MarketingOffer/698f31ebd3070.png","1.19","2.19","true","2","Iki 02.23 , nuo","","",""
"Maxima","Greitai paruošiami makaronai GLADS WOK*, 3 rūšių, 95 g","","2026-02-23","https://offers.maxima.lt/media/MarketingOffer/698f31eb8f18a.png","1.49","2.39","false","2","1 kg – 15,68 €","-37%","",""
"Maxima","Greitai paruošiami ramenai NISSIN DAMAE*, 3 rūšių, 100 g","","2026-02-23","https://offers.maxima.lt/media/MarketingOffer/698f31ec8cc17.png","0.89","1.49","false","0","1 kg – 8,90 €","-40%","",""
"Maxima","TOM KHA; TOM YUM; kario pasta KANOKWAN*, 3 rūšių, 30–50 g","","2026-02-23","https://offers.maxima.lt/media/MarketingOffer/698f31ec62867.png","1.25","1.59","true","0","Iki 02.23","","",""
"Maxima","Jūrų dumblių užkandis WELL DONE*, 3 rūšių, 1 pak. (3 vnt. × 4 g)","","2026-02-23","https://offers.maxima.lt/media/MarketingOffer/698f31ecd1c47.png","1.29","1.69","true","2","Iki 02.23 , nuo","","",""
"Maxima","Tortilijos DIJO*, 2 rūšių, 250–313 g","","2026-02-23","https://offers.maxima.lt/media/MarketingOffer/698f31ed1b7e4.png","1.59","1.99","true","0","Iki 02.23","","",""
"Maxima","RAUSVASIS; BALTASIS majonezinis DAUMANTŲ padažas*, 2 rūšių, 25 % rieb., 450 g","","2026-02-23","https://offers.maxima.lt/media/MarketingOffer/698f320824328.png","1.49","1.89","true","0","Iki 02.23","","",""
"Maxima","SUSLAVIČIAUS pomidorų kečupas*, 3 rūšių, 500 g","","2026-02-23","https://offers.maxima.lt/media/MarketingOffer/698f3207ed840.png","1.99","2.59","true","0","Iki 02.23","","",""
"Maxima","Tepamasis kremas su lazdynų riešutais ir kakava NUTELLA*, 350 g","","2026-02-23","https://offers.maxima.lt/media/MarketingOffer/698f3207c6d5f.png","4.29","5.09","true","0","Iki 02.23","","",""
"Maxima","Produkcijai ME2U*","","2026-02-23","https://offers.maxima.lt/media/MarketingOffer/698f3208a6cb3.png","","","false","2","Iki 02.23 , nuo","-30%","",""
"Maxima","Granola PAULUNS*, 3 rūšių, 450 g","","2026-02-23","https://offers.maxima.lt/media/MarketingOffer/698f31fab54ce.png","4.95","6.19","true","0","Iki 02.23","","",""
"Maxima","Dribsniai NESTLÉ*, 3 rūšių, 375–400 g","","2026-02-23","https://offers.maxima.lt/media/MarketingOffer/698f31fbc31d9.png","2.99","3.99","true","0","Iki 02.23","","",""
"Maxima","Avižiniai dribsniai ELOVENA*, 500 g","","2026-02-23","https://offers.maxima.lt/media/MarketingOffer/698f31fb5e80b.png","1.79","2.59","true","2","Iki 02.23 , nuo","","",""
"Maxima","Avižinių dribsnių košė AXA*, 8 rūšių, 4 pak. × 40 g","","2026-02-23","https://offers.maxima.lt/media/MarketingOffer/698f31fb827f2.png","1.49","","false","0","1 kg – 9,31 €","","",""
"Maxima","Ilgagrūdžiai; plikyti ryžiai SKANĖJA*, 3 rūšių, 500 g","","2026-02-23","https://offers.maxima.lt/media/MarketingOffer/698f31fbe3704.png","0.99","1.49","true","0","Iki 02.23","","",""
"Maxima","Grikių kruopos GALINTA*, 2 rūšių, 800 g","","2026-02-23","https://offers.maxima.lt/media/MarketingOffer/698f31faf216c.png","1.79","2.79","true","0","Iki 02.23","","",""
"Maxima","Kvietiniai miltai MALSENA*, a. r., 550 D, 2 kg","","2026-02-23","https://offers.maxima.lt/media/MarketingOffer/698f31fb3e6e7.png","1.49","2.19","true","0","Iki 02.23","","",""
"Maxima","Makaronai BARILLA*, 3 rūšių, 500 g","","2026-02-23","https://offers.maxima.lt/media/MarketingOffer/698f3203872aa.png","1.39","1.99","true","2","Iki 02.23 , nuo","","",""
"Maxima","Nerafinuotas cukranendrių cukrus DELIKA*, 1 kg","","2026-02-23","https://offers.maxima.lt/media/MarketingOffer/698f3203d8a35.png","1.99","3.39","true","0","Iki 02.23","","",""
"Maxima","Prieskonių mišinys VEGETA*, 250 g","","2026-02-23","https://offers.maxima.lt/media/MarketingOffer/698f32045c58c.png","1.79","2.49","true","0","Iki 02.23","","",""
"Maxima","Greitai paruošiama sriuba MAGGI 5 MINUTES*, 8 rūšių, 3 pak. × 12–16 g","","2026-02-23","https://offers.maxima.lt/media/MarketingOffer/698f3203ae56c.png","0.99","","false","0","1 kg ≥ 20,63 €","","",""
"Maxima","Saulėgrąžų aliejus VILNIUS*, 2 but. × 1 l","","2026-02-23","https://offers.maxima.lt/media/MarketingOffer/698f3204340eb.png","3.89","","false","0","1 l – 1,95 €","","",""
"Maxima","Aliejui MONINI*","","2026-02-23","https://offers.maxima.lt/media/MarketingOffer/698f320485022.png","","","false","2","Iki 02.23 , nuo","-40%","",""
"Maxima","Balzaminis Modenos actas ANTICHI COLLI*, 2 rūšių, 250 ml","","2026-02-23","https://offers.maxima.lt/media/MarketingOffer/698f32050da9b.png","2.99","4.19","false","2","1 l – 11,96 €","-28%","",""
"Maxima","Traškus užkandis PRINGLES*, 3 rūšių, 165 g","","2026-02-23","https://offers.maxima.lt/media/MarketingOffer/698f31f45281d.png","1.79","2.99","false","0","1 kg – 10,85 €","-40%","",""
"Maxima","Bulvių traškučiai LAY’S*, 3 rūšių, 250 g","","2026-02-23","https://offers.maxima.lt/media/MarketingOffer/698f31f386d10.png","2.99","3.99","true","0","Iki 02.23","","",""
"Maxima","Traškučiai OHO!*, 3 rūšių, 60 g","","2026-02-23","https://offers.maxima.lt/media/MarketingOffer/698f31f36a713.png","0.49","0.65","true","0","Iki 02.23","","",""
"Maxima","Kepintos ir sūdytos pistacijos ARIMEX*, 500 g","","2026-02-23","https://offers.maxima.lt/media/MarketingOffer/698f31f4033ce.png","10.39","13.85","true","2","Iki 02.23 , nuo","","",""
"Maxima","Aguonos ALVO*, 150 g","","2026-02-23","https://offers.maxima.lt/media/MarketingOffer/698f31fede01c.png","1.29","1.69","true","0","Iki 02.23","","",""
"Maxima","Džiovintos slyvos WELL DONE*, 500 g","","2026-02-23","https://offers.maxima.lt/media/MarketingOffer/698f32003e1c7.png","4.49","5.99","true","0","Iki 02.23","","",""
"Maxima","Juodos kepintos saulėgrąžų sėklos BAZARO*, 2 rūšių, 300 g","","2026-02-23","https://offers.maxima.lt/media/MarketingOffer/698f31ff7b9cb.png","2.59","3.39","true","0","Iki 02.23","","",""
"Maxima","Produkcijai CROCO*","","2026-02-23","https://offers.maxima.lt/media/MarketingOffer/698f31ffe664d.png","","","false","2","Iki 02.23 , nuo","-25%","",""
"Maxima","GRISSINI lazdelės WELL DONE*, 3 rūšių, 125 g","","2026-02-23","https://offers.maxima.lt/media/MarketingOffer/698f320018e51.png","0.89","1.15","true","2","Iki 02.23 , nuo","","",""
"Maxima","Spraginti kukurūzai MR. CHECK*, 2 rūšių, 150–200 g","","2026-02-23","https://offers.maxima.lt/media/MarketingOffer/698f31ff9e382.png","1.29","1.79","true","0","Iki 02.23","","",""
"Maxima","Duonos traškučiai BON CHANCE*, 3 rūšių, 240 g","","2026-02-23","https://offers.maxima.lt/media/MarketingOffer/698f31ffc2002.png","2.19","2.99","false","0","1 kg – 9,13 €","-26%","",""
"Maxima","Šaltyje džiovintos braškės SUPER GARDEN*, 19 g","","2026-02-23","https://offers.maxima.lt/media/MarketingOffer/698f31e94aff7.png","2.69","3.89","true","0","Iki 02.23","","",""
"Maxima","Traškučiai PRINGLES*, 3 rūšių, 165 g","","2026-03-02","https://offers.maxima.lt/media/MarketingOffer/6980b9a78bbd4.png","1.99","2.99","true","0","Iki 03.02","","",""
"Maxima","Šaltyje džiovinti vaisiai; uogos GARDEN TREE CHRUNCHITOS*, 3 rūšių, 25–45 g","","2026-03-02","https://offers.maxima.lt/media/MarketingOffer/6980b9a71bdd1.png","2.39","3.29","true","2","Iki 03.02 , nuo","","",""
"Maxima","Bulvių traškučiai LAY’S, bananų skonio*, 90 g","","2026-03-02","https://offers.maxima.lt/media/MarketingOffer/6980b9a2f36da.png","1.49","1.99","true","3","Iki 03.02 , nuo","","",""
"Maxima","Ryžių užkandis TASTEES be glitimo*, 3 rūšių, 65 g","","2026-03-02","https://offers.maxima.lt/media/MarketingOffer/6980b9a6504a9.png","1.25","1.75","true","2","Iki 03.02 , nuo","","",""
"Maxima","Spraginti kukurūzai SOVORA*, 3 rūšių, 90 g","","2026-03-02","https://offers.maxima.lt/media/MarketingOffer/6980b99d77fd7.png","1.29","1.79","true","2","Iki 03.02 , nuo","","",""
"Maxima","Spraginamieji kukurūzai SOVORA*, 3 rūšių, 100 g","","2026-03-02","https://offers.maxima.lt/media/MarketingOffer/6980b99e175f1.png","0.99","1.29","true","0","Iki 03.02","","",""
"Maxima","Kukurūzai AHA*, 3 rūšių, 110 g","","2026-03-02","https://offers.maxima.lt/media/MarketingOffer/6980b99d8d932.png","0.99","1.29","false","0","1 kg – 9,00 €","-23%","",""
"Maxima","Glaistytos kukurūzų lazdelės AHA, vanilės skonio*, 250 g","","2026-03-02","https://offers.maxima.lt/media/MarketingOffer/6980b99dcdef0.png","2.99","3.99","true","0","Iki 03.02","","",""
"Maxima","Breceliai FLIPZ*, 3 rūšių, 90 g","","2026-03-02","https://offers.maxima.lt/media/MarketingOffer/6980b99d62a00.png","1.89","2.49","false","3","1 kg – 21,00 €","-24%","",""
"Maxima","Brecelių gabaliukai CRACKZEL*, 3 rūšių, 85 g","","2026-03-02","https://offers.maxima.lt/media/MarketingOffer/6980b99de1991.png","1.29","1.69","true","2","Iki 03.02 , nuo","","",""
"Maxima","Migdolai su prieskoniais BETTER WITH*, 3 rūšių, 140 g","","2026-03-02","https://offers.maxima.lt/media/MarketingOffer/6980b99e029aa.png","2.99","3.99","true","2","Iki 03.02 , nuo","","",""
"Maxima","Kukurūzų traškučiai FONZIES, sūrio skonio*, 100 g","","2026-03-02","https://offers.maxima.lt/media/MarketingOffer/6980b99d0b548.png","1.49","1.99","true","0","Iki 03.02","","",""
"Maxima","Kvietiniai traškučiai su rūkyta šonine PIRAAT*, 150 g","","2026-03-02","https://offers.maxima.lt/media/MarketingOffer/6980b99cb1d81.png","1.99","2.49","true","0","Iki 03.02","","",""
"Maxima","Bulvių traškučiai LAY’S, sūdyto kiaušinio trynio skonio*, 70 g","","2026-03-02","https://offers.maxima.lt/media/MarketingOffer/6980b99d1f1ad.png","1.49","1.99","true","3","Iki 03.02 , nuo","","",""
"Maxima","Brusketos BON CHANCE*, 70 g","","2026-03-02","https://offers.maxima.lt/media/MarketingOffer/6980b99c9ea42.png","0.79","0.99","true","0","Iki 03.02","","",""
"Maxima","Kepta duona BON CHANCE*, 2 rūšių, 150 g","","2026-03-02","https://offers.maxima.lt/media/MarketingOffer/6980b99cc7b03.png","1.19","1.59","true","2","Iki 03.02 , nuo","","",""
"Maxima","Traškus užkandis PRINGLES MINGLES*, 2 rūšių, 56 g","","2026-03-02","https://offers.maxima.lt/media/MarketingOffer/6980b99cdb51e.png","2.99","3.99","true","2","Iki 03.02 , nuo","","",""
"Maxima","Bulvių traškučiai LAY’S SAVEUR EMMENTAL*, 135 g","","2026-03-02","https://offers.maxima.lt/media/MarketingOffer/6980b99ced725.png","2.19","2.99","true","2","Iki 03.02 , nuo","","",""
"Maxima","Kukurūzų traškučiai TAKIS*, 2 rūšių, 90 g","","2026-03-02","https://offers.maxima.lt/media/MarketingOffer/6980b99d33f25.png","1.99","2.99","true","2","Iki 03.02 , nuo","","",""
"Maxima","Krekeriai TUC*, 3 rūšių, 100 g","","2026-03-02","https://offers.maxima.lt/media/MarketingOffer/6980b99c76cfd.png","0.85","1.69","true","0","Iki 03.02","","",""
"Maxima","Džiūvėsėliai FLINT*, 3 rūšių, 80–110 g","","2026-03-02","https://offers.maxima.lt/media/MarketingOffer/6980b99ebde1c.png","0.69","0.99","true","2","Iki 03.02 , nuo","","",""
"Maxima","Miltiniams mišiniams MALSENA*","","2026-03-02","https://offers.maxima.lt/media/MarketingOffer/69845f9bd4a07.png","","","false","0","Iki 03.02","-40%","",""
"Maxima","Makaronams DIVELLA*","","2026-03-02","https://offers.maxima.lt/media/MarketingOffer/69845f9c4f491.png","","","false","0","Iki 03.02","-50%","",""
"Maxima","Greitai paruošiamiems makaronams REEVA*","","2026-03-02","https://offers.maxima.lt/media/MarketingOffer/69845f9c39130.png","","","false","0","Iki 03.02","-50%","",""
"Maxima","Alyvuogių aliejui SPARTA*","","2026-03-02","https://offers.maxima.lt/media/MarketingOffer/69845f9bbd589.png","","","false","0","Iki 03.02","-40%","",""
"Maxima","Produkcijai SANTA MARIA TEX MEX*","","2026-03-02","https://offers.maxima.lt/media/MarketingOffer/69845f9c0ee7b.png","","","false","0","Iki 03.02","-40%","",""
"Maxima","Kečupas HEINZ*, 1 kg","","2026-03-02","https://offers.maxima.lt/media/MarketingOffer/69845f9be9f17.png","2.69","4.69","true","0","Iki 03.02","","",""
"Maxima","Garstyčių; majonezinis padažas KĖDAINIŲ KONSERVAI*, 3 rūšių, 27–48 % rieb., 480–510 g","","2026-03-02","https://offers.maxima.lt/media/MarketingOffer/69845f9995690.png","1.89","2.75","false","0","1 kg ≥ 3,71 €","-31%","",""
"Maxima","KĖDAINIŲ KONSERVŲ ukrainietiški barščiai; burokėlių sriuba*, 2 rūšių, 480 g","","2026-03-02","https://offers.maxima.lt/media/MarketingOffer/69845f99a86ba.png","1.45","2.45","true","0","Iki 03.02","","",""
"Maxima","Sausiems pusryčiams KELLOGG’S*","","2026-03-02","https://offers.maxima.lt/media/MarketingOffer/69845f996d084.png","","","false","0","Iki 03.02","-50%","",""
"Maxima","Javainių batonėlis CORNY BIG*, 3 rūšių, 40–50 g","","2026-03-02","https://offers.maxima.lt/media/MarketingOffer/69845f992cab2.png","0.69","1.09","true","0","Iki 03.02","","",""
"Maxima","Baltyminiams batonėliams MAXSPORT*","","2026-03-02","https://offers.maxima.lt/media/MarketingOffer/69845f99d642e.png","","","false","2","Iki 03.02 , nuo","-40%","",""
"Maxima","Traškus užkandis PRINGLES*, 3 rūšių, 165 g","","2026-03-02","https://offers.maxima.lt/media/MarketingOffer/69845f9a689d5.png","1.79","2.99","true","0","Iki 03.02","","",""
"Maxima","Bulvių traškučiai ESTRELLA KETTLE COOKED*, 2 rūšių, 2 pak. × 120 g","","2026-03-02","https://offers.maxima.lt/media/MarketingOffer/69845f9a9619e.png","2.59","","false","2","1 kg – 21,58 €","","",""
"Maxima","Duonos traškučiai SELGA NATURE*, 3 rūšių, 200 g","","2026-03-02","https://offers.maxima.lt/media/MarketingOffer/69845f9ab05dc.png","1.69","2.89","true","0","Iki 03.02","","",""
"Maxima","Kepintos ir sūdytos pistacijos ARIMEX*, 250 g","","2026-03-02","https://offers.maxima.lt/media/MarketingOffer/69845f9a8095c.png","4.19","6.98","true","0","Iki 03.02","","",""
"Maxima","BIRŽŲ DUONOS lazdelės GRISSINI*, 3 rūšių, 125 g","","2026-03-02","https://offers.maxima.lt/media/MarketingOffer/69845f9a24515.png","0.69","1.29","true","0","Iki 03.02","","",""
"Maxima","KĖDAINIŲ KONSERVŲ kons. daržovėms, padažams, majonezams ir uogienėms*","","2026-02-23","https://offers.maxima.lt/media/MarketingOffer/698f3207473df.png","","","false","0","Iki 02.23","-40%","",""
"Maxima","Konservuoti smulkinti; lupti pomidorai WELL DONE*, 3 rūšių, 400 g","","2026-02-23","https://offers.maxima.lt/media/MarketingOffer/698f32084b480.png","1.19","1.49","true","0","Iki 02.23","","",""
"Maxima","Konservuoti kukurūzai WELL DONE*, 340 g","","2026-02-23","https://offers.maxima.lt/media/MarketingOffer/698f320875b3a.png","0.99","1.39","true","0","Iki 02.23","","",""
"Maxima","Žaliosios alyvuogės ITLV*, 3 rūšių, 300 g","","2026-02-23","https://offers.maxima.lt/media/MarketingOffer/698f320773e87.png","1.99","2.49","true","0","Iki 02.23","","",""
"Maxima","Saulėje džiovinti pomidorai su kaparėliais WELL DONE PREMIUM*, 530 g","","2026-02-23","https://offers.maxima.lt/media/MarketingOffer/698f32079d309.png","3.49","5.99","true","2","Iki 02.23 , nuo","","",""
"Maxima","Produkcijai SKANOVĖ*","","2026-02-23","https://offers.maxima.lt/media/MarketingOffer/698f3208d1b95.png","","","false","0","Iki 02.23","-25%","",""
"Maxima","Arbata LOYD*, 2 rūšių, 1 dėž. (20 vnt.)","","2026-02-23","https://offers.maxima.lt/media/MarketingOffer/698f31ecba8b8.png","1.79","2.99","false","2","1 vnt. – 0,09 €","-40%","",""
"Maxima","Arbatai MASHIE*","","2026-02-23","https://offers.maxima.lt/media/MarketingOffer/698f320b0f42b.png","","","false","2","Iki 02.23 , nuo","-30%","",""
"Maxima","Arbatai WELL DONE*","","2026-02-23","https://offers.maxima.lt/media/MarketingOffer/698f320c5f9fe.png","","","false","0","Iki 02.23","-30%","",""
"Maxima","Arbatai TWININGS*","","2026-02-23","https://offers.maxima.lt/media/MarketingOffer/698f320b656d5.png","","","false","0","Iki 02.23","-30%","",""
"Maxima","Arbatai LOYD*","","2026-03-02","https://offers.maxima.lt/media/MarketingOffer/69845f995841f.png","","","false","0","Iki 03.02","-40%","",""
"Maxima","Perkant 2 ar daugiau limonadų ir giros, taikoma 25 % nuolaida*","","2026-02-22","https://offers.maxima.lt/media/MarketingOffer/698f31e9868e9.png","","","false","0","Iki 02.22","-25%","",""
"Maxima","Nealkoholinis alus CORONA CERO*, 330 ml","","2026-02-23","https://offers.maxima.lt/media/MarketingOffer/698f31ebe6b08.png","1.29","1.55","true","0","Iki 02.23","","",""
"Maxima","Alavijų gėrimas ALEO ORIGINAL*, 1,5 l","","2026-02-23","https://offers.maxima.lt/media/MarketingOffer/698f31eca143f.png","2.15","2.59","true","0","Iki 02.23","","",""
"Maxima","Gazuotas gaivusis gėrimas THOMAS HENRY*, 3 rūšių, 750 ml","","2026-02-23","https://offers.maxima.lt/media/MarketingOffer/698f31ed30a00.png","3.99","4.99","true","2","Iki 02.23 , nuo","","",""
"Maxima","Natūralus negazuotas mineralinis vanduo AKVILĖ*, 2 l","","2026-02-23","https://offers.maxima.lt/media/MarketingOffer/698f31f282f80.png","0.59","0.95","true","0","Iki 02.23","","",""
"Maxima","Natūralus mineralinis vanduo RASA LIGHT; ETNO*, 3 rūšių, 1,5 l","","2026-02-23","https://offers.maxima.lt/media/MarketingOffer/698f31f2ea019.png","0.45","0.75","true","2","Iki 02.23 , nuo","","",""
"Maxima","Gaivusis gėrimas HOHES C*, 3 rūšių, 750 ml","","2026-02-23","https://offers.maxima.lt/media/MarketingOffer/698f31f2b6fa9.png","1.19","1.49","true","2","Iki 02.23 , nuo","","",""
"Maxima","Įvairių vaisių sulčių gėrimas su vitaminais ELMENHORSTER*, 1 l","","2026-02-23","https://offers.maxima.lt/media/MarketingOffer/698f31f269ec5.png","1.29","1.65","true","0","Iki 02.23","","",""
"Maxima","Apelsinų sultys WELL DONE*, 1 l","","2026-02-23","https://offers.maxima.lt/media/MarketingOffer/698f31f34984c.png","2.19","2.49","true","0","Iki 02.23","","",""
"Maxima","Gėrimas TYMBARK*, 2 rūšių, 2 l","","2026-02-23","https://offers.maxima.lt/media/MarketingOffer/698f31f32f1f7.png","2.19","2.95","true","0","Iki 02.23","","",""
"Maxima","Gazuotas gėrimas PEPSI; PEPSI LIME; 7UP; MIRINDA*, 3 rūšių, 2 but. × 1,5 l","","2026-02-23","https://offers.maxima.lt/media/MarketingOffer/698f31f3a5342.png","2.25","","false","0","1 l – 0,75 €","","",""
"Maxima","Gazuotas gėrimas SCHWEPPES*, 2 rūšių, 1,5 l","","2026-02-23","https://offers.maxima.lt/media/MarketingOffer/698f31f46eee3.png","1.99","2.89","true","0","Iki 02.23","","",""
"Maxima","Gazuotas vaisių skonio gėrimas TICHĖ GAJA*, 2 rūšių, 1,5 l","","2026-02-23","https://offers.maxima.lt/media/MarketingOffer/698f31f3de17a.png","0.95","1.85","true","0","Iki 02.23","","",""
"Maxima","BISTRAMPOLIO DVARO gira*, 1 l","","2026-02-23","https://offers.maxima.lt/media/MarketingOffer/698f31f41ce41.png","1.99","2.75","true","0","Iki 02.23","","",""
"Maxima","Energinis gėrimas CULT*, 3 rūšių, 500 ml","","2026-02-23","https://offers.maxima.lt/media/MarketingOffer/698f31f438127.png","1.09","1.69","true","0","Iki 02.23","","",""
"Maxima","Nealkoholinis šviesusis KALNAPILIO alus*, 500 ml","","2026-02-23","https://offers.maxima.lt/media/MarketingOffer/698f31f3c36d7.png","0.79","1.09","true","0","Iki 02.23","","",""
"Maxima","Gazuotas gaivusis gėrimas FANTA, egzotinių vaisių skonio*, 2 skard. × 330 ml","","2026-03-02","https://offers.maxima.lt/media/MarketingOffer/6980b99e7fd13.png","1.79","","false","0","1 l – 2,71 €","","",""
"Maxima","Gazuotas gaivusis gėrimas WARHEADS*, 3 rūšių, 330 ml","","2026-03-02","https://offers.maxima.lt/media/MarketingOffer/6980b99ee9289.png","1.39","2.15","true","3","Iki 03.02 , nuo","","",""
"Maxima","Gazuotas gėrimas COCA-COLA ZERO CAFFEINE; COCA-COLA CHERRY*, 2 rūšių, 2 skard. × 330 ml","","2026-03-02","https://offers.maxima.lt/media/MarketingOffer/6980b99e597c3.png","1.49","","false","0","1 l – 2,25 €","","",""
"Maxima","Gazuotas funkcinis gėrimas POPPI*, 2 rūšių, 355 ml","","2026-03-02","https://offers.maxima.lt/media/MarketingOffer/6980b99e3090e.png","2.29","2.99","true","3","Iki 03.02 , nuo","","",""
"Maxima","Gazuotas gaivusis gėrimas DR. PEPPER BLACKBERRY*, 355 ml","","2026-03-02","https://offers.maxima.lt/media/MarketingOffer/6980b99ed2301.png","1.49","2.25","true","2","Iki 03.02 , nuo","","",""
"Maxima","Gazuotas gėrimas DON SIMON*, 2 rūšių, 330 ml","","2026-03-02","https://offers.maxima.lt/media/MarketingOffer/6980b99eaa24b.png","0.99","1.39","true","2","Iki 03.02 , nuo","","",""
"Maxima","Gazuotas gėrimas KOOL-AID*, 3 rūšių, 355 ml","","2026-03-02","https://offers.maxima.lt/media/MarketingOffer/6980b99e44549.png","1.99","2.49","true","3","Iki 03.02 , nuo","","",""
"Maxima","Gazuotas gaivusis gėrimas BUNDABERG*, 3 rūšių, 375 ml","","2026-03-02","https://offers.maxima.lt/media/MarketingOffer/6980b99e95807.png","1.99","2.65","true","2","Iki 03.02 , nuo","","",""
"Maxima","Gazuotas gėrimas KAZBEGI*, 2 rūšių, 1 l","","2026-03-02","https://offers.maxima.lt/media/MarketingOffer/6980b99e6da9f.png","1.99","2.95","true","0","Iki 03.02","","",""
"Maxima","Įvairių vaisių nektaras GRANINI*, 1 l","","2026-03-02","https://offers.maxima.lt/media/MarketingOffer/69845f991a18c.png","1.99","3.65","false","0","Iki 03.02","-45%","",""
"Maxima","Gazuotas gėrimas PEPSI; PEPSI MAX; MIRINDA; 7UP*, 4 rūšių, 4 skard. × 330 ml","","2026-03-02","https://offers.maxima.lt/media/MarketingOffer/69845f9983166.png","1.99","","false","0","1 l – 1,50 €","","",""
"Maxima","Nealkoholinis UTENOS alaus kokteilis RADLER*, 3 rūšių, 500 ml","","2026-03-02","https://offers.maxima.lt/media/MarketingOffer/69845f9a0f244.png","0.75","1.39","false","0","1 l – 1,50 €","-46%","",""
"Maxima","Paruošta vartoti košė SEMPER*, 3 rūšių, 120 g","","2026-02-23","https://offers.maxima.lt/media/MarketingOffer/698f320f32117.png","1.45","2.09","true","0","Iki 02.23","","",""
"Maxima","Sauskelnės-kelnaitės PAMPERS PANTS MEGA PACK*,3 rūšių, 5; 4; 6 dydžiai, 1 dėž. (96; 108; 84 vnt.)","","2026-02-23","https://offers.maxima.lt/media/MarketingOffer/698f320eccb65.png","25.19","41.99","false","0","1 vnt. ≥ 0,23 €","-40%","",""
"Maxima","Sauskelnės PEPPINS PREMIUM*, 3 rūšių, 4; 5; 3 dydžiai, 1 pak. (50; 44; 35 vnt.)","","2026-02-23","https://offers.maxima.lt/media/MarketingOffer/698f320e9e7ad.png","7.69","10.99","false","2","1 vnt. ≥ 0,15 €","-30%","",""
"Maxima","Pudra kūdikių odos priežiūrai BÜBCHEN*, 80 g","","2026-02-23","https://offers.maxima.lt/media/MarketingOffer/698f320f92c29.png","4.49","6.49","true","3","Iki 02.23 , nuo","","",""
"Maxima","Ekologiški kukurūzų žiedai; užkandis; morkų lazdelės ORGANIX*, 3 rūšių, 6–7+ mėn., 20 g","","2026-03-02","https://offers.maxima.lt/media/MarketingOffer/6980b9a76eb89.png","1.39","1.99","true","0","Iki 03.02","","",""
"Maxima","Pilno grūdo užkandis GOODIES DINO PUFFS*, 36+ mėn., 30 g","","2026-03-02","https://offers.maxima.lt/media/MarketingOffer/6980b9a7a74b4.png","1.89","3.19","true","2","Iki 03.02 , nuo","","",""
"Maxima","Avižiniai batonėliai GOODIES*, 2 rūšių, 36+ mėn., 1 dėž. (6 vnt. × 23 g)","","2026-03-02","https://offers.maxima.lt/media/MarketingOffer/6980b9a738bdb.png","4.19","6.99","true","2","Iki 03.02 , nuo","","",""
"Maxima","Avižinis batonėlis GOODIES*, 2 rūšių, 36+ mėn., 23 g","","2026-03-02","https://offers.maxima.lt/media/MarketingOffer/6980b9a6a1daf.png","0.99","1.39","true","3","Iki 03.02 , nuo","","",""
"Maxima","Tyrelė GOODIES*, 2 rūšių, 36+ mėn., 100 g","","2026-03-02","https://offers.maxima.lt/media/MarketingOffer/6980b9a6f1593.png","1.29","2.19","true","2","Iki 03.02 , nuo","","",""
"Maxima","Konservuotas šunų ėdalas CANIS MAJOR*, 3 rūšių, 1,25 kg","","2026-02-23","https://offers.maxima.lt/media/MarketingOffer/698f321030f6f.png","2.29","3.29","true","2","Iki 02.23 , nuo","","",""
"Maxima","Sausas šunų ėdalas ARDOUR*, 3 rūšių, 1,5 kg","","2026-02-23","https://offers.maxima.lt/media/MarketingOffer/698f3206b7efb.png","5.49","7.99","true","0","Iki 02.23","","",""
"Maxima","Konservuotas kačių ėdalas PURINA FELIX*, 3 rūšių, 1 pak. (4 vnt. × 85 g)","","2026-02-23","https://offers.maxima.lt/media/MarketingOffer/698f32068f793.png","1.69","2.39","true","0","Iki 02.23","","",""
"Maxima","Sausas kačių ėdalas PURINA ONE*, 3 rūšių, 800 g","","2026-02-23","https://offers.maxima.lt/media/MarketingOffer/698f32063fde5.png","4.59","6.59","true","0","Iki 02.23","","",""
"Maxima","Kačių skanėstas DREAMIES*, 3 rūšių, 60 g","","2026-02-23","https://offers.maxima.lt/media/MarketingOffer/698f32059261a.png","1.35","1.95","true","0","Iki 02.23","","",""
"Maxima","Silikagelio kraikas katėms LOVETT*, 3,8 l","","2026-02-23","https://offers.maxima.lt/media/MarketingOffer/698f3205bb58a.png","2.99","4.69","true","0","Iki 02.23","","",""
"Maxima","Konservuotam kačių ėdalui WHISKAS*","","2026-03-02","https://offers.maxima.lt/media/MarketingOffer/69845f98488d5.png","","","false","0","Iki 03.02","-40%","",""
"Maxima","Šunų ėdalui ir skanėstams PEDIGREE*","","2026-03-02","https://offers.maxima.lt/media/MarketingOffer/69845f980a470.png","","","false","0","Iki 03.02","-40%","",""
"Maxima","Dantų pasta LACALUT ACTIV*, 75 ml","","2026-02-23","https://offers.maxima.lt/media/MarketingOffer/698f31e99b2a2.png","2.55","3.95","true","0","Iki 02.23","","",""
"Maxima","Burnos priežiūros priemonėms COLGATE*","","2026-02-23","https://offers.maxima.lt/media/MarketingOffer/698f31e8c3be8.png","","","false","0","Iki 02.23","-35%","",""
"Maxima","Dažomasis plaukų kremas PALETTE SCHWARZKOPF*, 3 rūšių, 1 vnt.","","2026-02-23","https://offers.maxima.lt/media/MarketingOffer/698f31e972728.png","3.29","5.49","true","2","Iki 02.23 , nuo","","",""
"Maxima","Plaukų dažai L’OREAL CASTING CREME GLOSS*, 3 rūšių, 1 vnt.","","2026-02-23","https://offers.maxima.lt/media/MarketingOffer/698f31e960a6e.png","7.09","10.99","true","2","Iki 02.23 , nuo","","",""
"Maxima","Rutulinis; purškiamasis dezodorantas NIVEA BLACK & WHITE*, 3 rūšių, 50–150 ml","","2026-02-23","https://offers.maxima.lt/media/MarketingOffer/698f31e92067d.png","3.09","5.15","true","0","Iki 02.23","","",""
"Maxima","Balzamas po skutimosi VĖJAS*, 150 ml","","2026-02-23","https://offers.maxima.lt/media/MarketingOffer/698f31e90b5d0.png","2.55","4.29","true","0","Iki 02.23","","",""
"Maxima","Plaukų priežiūros priemonėms SCHAUMA SCHWARZKOPF*","","2026-02-23","https://offers.maxima.lt/media/MarketingOffer/698f31e8eb220.png","","","false","0","Iki 02.23","-35%","",""
"Maxima","Muilams ir dušo želėms PALMOLIVE*","","2026-02-23","https://offers.maxima.lt/media/MarketingOffer/698f31e9df9e7.png","","","false","0","Iki 02.23","-35%","",""
"Maxima","Skystojo muilo papildymas NEUTRAL*, 500 ml","","2026-02-23","https://offers.maxima.lt/media/MarketingOffer/698f31ea7f2e3.png","3.59","4.49","true","2","Iki 02.23 , nuo","","",""
"Maxima","Gabalinis tualetinis muilas DOVE*, 3 rūšių, 90 g","","2026-02-23","https://offers.maxima.lt/media/MarketingOffer/698f31ea6cc90.png","0.89","1.29","true","0","Iki 02.23","","",""
"Maxima","Higieniniai įklotai DISCREET*, 3 rūšių, 1 dėž. (100 vnt.)","","2026-02-23","https://offers.maxima.lt/media/MarketingOffer/698f31ea43696.png","3.69","5.69","true","0","Iki 02.23","","",""
"Maxima","Higieniniai paketai ALWAYS ULTRA*, 3 rūšių, 1 pak. (32; 40; 28 vnt.)","","2026-02-23","https://offers.maxima.lt/media/MarketingOffer/698f31ea0073c.png","4.79","7.99","true","0","Iki 02.23","","",""
"Maxima","Popieriniai rankšluosčiai ZEWA WISCH & WEG*, 2 rūšių, 2 sluoksnių, 1 pak. (2–4 rit.)","","2026-02-23","https://offers.maxima.lt/media/MarketingOffer/698f31ea9a069.png","2.69","5.49","true","0","Iki 02.23","","",""
"Maxima","Tualetinis popierius ZEWA MOLL*, 3 sluoksnių, 1 pak. (12 rit.)","","2026-02-23","https://offers.maxima.lt/media/MarketingOffer/698f31eae7b74.png","3.99","7.99","false","0","1 rit. – 0,33 €","-50%","",""
"Maxima","Plaukų priežiūros priemonėms SYOSS*","","2026-03-02","https://offers.maxima.lt/media/MarketingOffer/69845f9a3f341.png","","","false","0","Iki 03.02","-50%","",""
"Maxima","Tualetinis popierius GRITE ORCHIDEA*, 3 sluoksnių, 2 pak. × 1 pak. (8 rit.)","","2026-03-02","https://offers.maxima.lt/media/MarketingOffer/69845f99eaa5b.png","4.29","","false","0","1 rit. – 0,26 €","","",""
"Maxima","Skalbiamosios kapsulės ARIEL*, 3 rūšių, 1 pak. (38; 44 vnt.)","","2026-02-23","https://offers.maxima.lt/media/MarketingOffer/698f31e9b655b.png","16.69","25.69","true","0","Iki 02.23","","",""
"Maxima","Skystasis skalbiklis RINGUVA PLIUS 3 IN 1*, 2 l (40 skalb.)","","2026-02-23","https://offers.maxima.lt/media/MarketingOffer/698f31e9cbb33.png","5.89","8.49","true","0","Iki 02.23","","",""
"Maxima","Dėmių valiklis VANISH OXI ACTION*, 1 l","","2026-02-23","https://offers.maxima.lt/media/MarketingOffer/698f31ea15aac.png","4.35","7.29","true","0","Iki 02.23","","",""
"Maxima","Skalbimo actas MAYERI*, 500 ml","","2026-02-23","https://offers.maxima.lt/media/MarketingOffer/698f31ea2e90d.png","3.49","4.99","true","3","Iki 02.23 , nuo","","",""
"Maxima","Skalbinių minkštiklis COCCOLINO*, 3 rūšių, 1,7 l (68 skalb.)","","2026-02-23","https://offers.maxima.lt/media/MarketingOffer/698f31ea595e0.png","4.49","6.99","true","0","Iki 02.23","","",""
"Maxima","Skalbinių minkštiklis FROSCH*, 2 rūšių, 1 l","","2026-02-23","https://offers.maxima.lt/media/MarketingOffer/698f31ead17b6.png","2.09","2.99","true","0","Iki 02.23","","",""
"Maxima","Indaplovių kapsulės FAIRY*, 1 pak. (71 vnt.)","","2026-02-23","https://offers.maxima.lt/media/MarketingOffer/698f31eb34f0a.png","14.89","29.79","true","0","Iki 02.23","","",""
"Maxima","Indų ploviklis FAIRY*, 3 rūšių, 1,35 l","","2026-02-23","https://offers.maxima.lt/media/MarketingOffer/698f31eaae28b.png","4.39","6.29","true","0","Iki 02.23","","",""
"Maxima","Kalkių; riebalų; vonios valiklis KH-7*, 3 rūšių, 750 ml","","2026-02-23","https://offers.maxima.lt/media/MarketingOffer/698f31eb4c490.png","3.59","5.59","true","2","Iki 02.23 , nuo","","",""
"Maxima","Oro gaiviklis AIR WICK*, 2 rūšių, 300 ml","","2026-02-23","https://offers.maxima.lt/media/MarketingOffer/698f31eb1f513.png","2.29","3.29","true","0","Iki 02.23","","",""
"Maxima","WC valiklis-gaiviklis BREF*, 2 rūšių, 1 pak. (3 vnt.)","","2026-03-02","https://offers.maxima.lt/media/MarketingOffer/69845f9a54328.png","3.49","6.99","false","0","1 vnt. – 1,16 €","-50%","",""
"Maxima","Skalbimo milteliai BONUX*, 3 rūšių, 1,17 kg (18 skalb.)","","2026-03-02","https://offers.maxima.lt/media/MarketingOffer/69845f97eab79.png","3.29","5.49","true","0","Iki 03.02","","",""
"Maxima","Skalbiamieji lapeliai K2R**, 2 rūšių, 1 dėž. (22; 18 vnt.)","","2026-03-02","https://offers.maxima.lt/media/MarketingOffer/69845f9834d3e.png","3.99","7.99","true","2","Iki 03.02 , nuo","","",""
"Maxima","Perkant 2 ar daugiau automobilių žieminių langų skysčių, taikoma 50 % nuolaida*","","2026-02-23","https://offers.maxima.lt/media/MarketingOffer/698f31f7b783b.png","","","false","0","Iki 02.23","-50%","",""
"Maxima","Atsuktuvų rinkinys STALWART*, 1 rink. (2 vnt.)","","2026-02-23","https://offers.maxima.lt/media/MarketingOffer/698f31f79b762.png","1.39","2.79","true","2","Iki 02.23 , nuo","","",""
"Maxima","Matavimo juosta STALWART*, 5 m, 1 vnt.","","2026-02-23","https://offers.maxima.lt/media/MarketingOffer/698f31f6dd945.png","2.49","4.99","true","2","Iki 02.23 , nuo","","",""
"Maxima","Barzdaskutė HENSKE*, 1 vnt.","","2026-02-23","https://offers.maxima.lt/media/MarketingOffer/698f31f841ca6.png","13.99","24.99","true","0","Iki 02.23","","",""
"Maxima","Belaidės ausinės WESTROM*, 1 vnt.","","2026-02-23","https://offers.maxima.lt/media/MarketingOffer/698f31f8d836d.png","14.99","24.99","true","2","Iki 02.23 , nuo","","",""
"Maxima","Belaidė kolonėlė WESTROM*, 1 vnt.","","2026-02-23","https://offers.maxima.lt/media/MarketingOffer/698f31f87e65e.png","8.99","15.99","true","2","Iki 02.23 , nuo","","",""
"Maxima","Elektroninės virtuvinės svarstyklės TEFAL*, 1 vnt.","","2026-02-23","https://offers.maxima.lt/media/MarketingOffer/698f31f85e508.png","14.99","24.99","true","2","Iki 02.23 , nuo","","",""
"Maxima","Vaflinė HENSKE*, 1200 W, 1 vnt.","","2026-02-23","https://offers.maxima.lt/media/MarketingOffer/698f31f93e463.png","21.99","44.99","true","0","Iki 02.23","","",""
"Maxima","Rankinis trintuvas HENSKE*, 800 W, 1 rink.","","2026-02-23","https://offers.maxima.lt/media/MarketingOffer/698f31f82356e.png","19.99","39.99","true","0","Iki 02.23","","",""
"Maxima","Plastikinis dubuo HOME EXPERT*, 2 rūšių, 15 l, 1 vnt.","","2026-02-23","https://offers.maxima.lt/media/MarketingOffer/698f31f91fed5.png","2.99","5.99","true","2","Iki 02.23 , nuo","","",""
"Maxima","Oro gruzdintuvės padėklas UNIWELL*, 21 cm, 1 vnt.","","2026-02-23","https://offers.maxima.lt/media/MarketingOffer/698f31f89c7f8.png","2.99","4.99","true","2","Iki 02.23 , nuo","","",""
"Maxima","Dubenėlis su rankenomis ILAJA HYGE*, 420 ml, 1 vnt.","","2026-02-23","https://offers.maxima.lt/media/MarketingOffer/698f31f901d1a.png","2.99","4.99","true","2","Iki 02.23 , nuo","","",""
"Maxima","Konstruktorius LEGO SKAIČIŲ TRAUKINYS*, Nr. 10954, 1 rink.","","2026-02-23","https://offers.maxima.lt/media/MarketingOffer/698f31f8ba50a.png","13.99","19.99","true","2","Iki 02.23 , nuo","","",""
"Maxima","Konstruktorius LEGO ŽAISMINGA KATĖ*, Nr. 31163, 1 rink.","","2026-02-23","https://offers.maxima.lt/media/MarketingOffer/698f31f22f862.png","18.19","25.99","true","2","Iki 02.23 , nuo","","",""
"Maxima","Konstruktorius LEGO AUGINTINIŲ AKSESUARŲ PARDUOTUVĖ*, Nr. 42650, 1 rink.","","2026-02-23","https://offers.maxima.lt/media/MarketingOffer/698f31f1c0d79.png","32.19","45.99","true","3","Iki 02.23 , nuo","","",""
"Maxima","Modelino rinkinys GRAFIA PLUS*, 1 rink.","","2026-02-23","https://offers.maxima.lt/media/MarketingOffer/698f31f18d800.png","5.99","11.99","true","0","Iki 02.23","","",""
"Maxima","Purškiamųjų rašiklių rinkinys STITCH*, 1 rink.","","2026-02-23","https://offers.maxima.lt/media/MarketingOffer/698f31f15d009.png","3.59","5.99","true","0","Iki 02.23","","",""
"Maxima","Masažinių kamuoliukų rinkinys CORUBA*, 1 rink. (2 vnt.)","","2026-02-23","https://offers.maxima.lt/media/MarketingOffer/698f31f143476.png","3.99","6.99","true","2","Iki 02.23 , nuo","","",""
"Maxima","Aerobikos pakyla*, 68 × 28 × 10–15 cm, 1 vnt.","","2026-02-23","https://offers.maxima.lt/media/MarketingOffer/698f31f1a6eef.png","12.99","20.99","true","2","Iki 02.23 , nuo","","",""
"Maxima","Pratimų juostų rinkinys CORUBA*, 1 rink (3 vnt.)","","2026-02-23","https://offers.maxima.lt/media/MarketingOffer/698f31f1d941a.png","3.99","6.99","true","2","Iki 02.23 , nuo","","",""
"Maxima","Jogos kilimėlis CORUBA*, 183 × 61 cm, 1 vnt.","","2026-02-23","https://offers.maxima.lt/media/MarketingOffer/698f31f1f2e21.png","7.99","15.99","true","2","Iki 02.23 , nuo","","",""
"Maxima","Kilimėlis ELDORADO HOME*, 2 spalvų, 50 × 80 cm, 1 vnt.","","2026-02-23","https://offers.maxima.lt/media/MarketingOffer/698f31f174f13.png","3.99","7.99","true","2","Iki 02.23 , nuo","","",""
"Maxima","Kilimėlių rinkinys HOME EXPERT*, 2 spalvų, 45 × 75 cm; 45 × 45 cm, 1 rink. (2 vnt.)","","2026-02-23","https://offers.maxima.lt/media/MarketingOffer/698f31f216a6e.png","6.99","12.99","true","2","Iki 02.23 , nuo","","",""
"Maxima","Elementai WESTROM*, 2 rūšių, AAA; AA, 1 pak. (8 vnt.)","","2026-02-23","https://offers.maxima.lt/media/MarketingOffer/698f31f29c79b.png","1.99","3.49","true","2","Iki 02.23 , nuo","","",""
"Maxima","Metalinės pakabos HOME EXPERT*, 1 pak. (20 vnt.)","","2026-02-23","https://offers.maxima.lt/media/MarketingOffer/698f31f2d0f10.png","3.99","7.99","true","0","Iki 02.23","","",""
"Maxima","Pledas ELDORADO HOME*, 2 rūšių, 200 × 220 cm, 1 vnt.","","2026-02-23","https://offers.maxima.lt/media/MarketingOffer/698f320d4d384.png","11.99","19.99","true","2","Iki 02.23 , nuo","","",""
"Maxima","Moteriška pižama SEVEN LEMON*, S–XL dydžiai, 1 vnt.","","2026-02-23","https://offers.maxima.lt/media/MarketingOffer/698f320d1da70.png","7.99","13.99","true","2","Iki 02.23 , nuo","","",""
"Maxima","Pėdkelnėms, puskojinėms ir kojinaitėms INCANTO*","","2026-02-23","https://offers.maxima.lt/media/MarketingOffer/698f320dd2762.png","","","false","0","Iki 02.23","-40%","",""
"Maxima","Sportinės kojinės PUMA*, 3 rūšių, 39–42; 43–46 dydžiai, 1 pak. (3 poros)","","2026-02-23","https://offers.maxima.lt/media/MarketingOffer/698f320fc069e.png","5.39","8.99","true","0","Iki 02.23","","",""
"Maxima","Šluostės-kempinės iš celiuliozės HOME EXPERT*, 2 rūšių, 1 pak. (5 vnt.)","","2026-02-23","https://offers.maxima.lt/media/MarketingOffer/698f320f059b1.png","1.79","2.99","true","3","Iki 02.23 , nuo","","",""
"Maxima","Indų plovimo kempinės VILEDA*, 1 pak. (20 vnt.)","","2026-02-23","https://offers.maxima.lt/media/MarketingOffer/698f320fed106.png","2.49","5.39","true","0","Iki 02.23","","",""
"Maxima","Maišeliai šunų ekskrementams LOVETT*, 1 pak. (3 rit. × 30 vnt.)","","2026-02-23","https://offers.maxima.lt/media/MarketingOffer/698f32105ede5.png","1.79","2.99","true","2","Iki 02.23 , nuo","","",""
"Maxima","Inkilas HAPPY TAILS*, 14 × 14 × 24 cm, 1 vnt.","","2026-02-23","https://offers.maxima.lt/media/MarketingOffer/698f320f614a2.png","4.49","7.99","true","2","Iki 02.23 , nuo","","",""
"Maxima","Popieriniai šiaudeliai ELEMENTS SENSE*, 2 rūšių, 1 pak. (24 vnt.)","","2026-03-02","https://offers.maxima.lt/media/MarketingOffer/6980b9a6d64f8.png","0.49","0.99","false","0","1 vnt. – 0,02 €","-50%","",""
"Maxima","Prekėms SPONTEX*","","2026-03-02","https://offers.maxima.lt/media/MarketingOffer/69845f9ac72f3.png","","","false","0","Iki 03.02","-50%","",""
"Maxima","Pagalvė DORMEO*, 50 × 70 cm, 1 vnt.","","2026-03-02","https://offers.maxima.lt/media/MarketingOffer/69845f985a05c.png","14.99","29.99","true","2","Iki 03.02 , nuo","","",""
"Maxima","Pagalvė DORMEO*, 40 × 60 cm, 1 vnt.","","2026-03-02","https://offers.maxima.lt/media/MarketingOffer/69845f989683e.png","29.99","59.99","true","2","Iki 03.02 , nuo","","",""
"Maxima","Antklodė DORMEO*, 140 × 200 cm, 1 vnt.","","2026-03-02","https://offers.maxima.lt/media/MarketingOffer/69845f988499e.png","26.99","54.99","true","2","Iki 03.02 , nuo","","",""
"Maxima","Antklodė DORMEO*, 200 × 200 cm, 1 vnt.","","2026-03-02","https://offers.maxima.lt/media/MarketingOffer/69845f986e6bc.png","34.99","69.99","true","2","Iki 03.02 , nuo","","",""
"Maxima","Alstremerijų puokštė*, 50 cm, 1 puokštė – 7 vnt.","","2026-02-23","https://offers.maxima.lt/media/MarketingOffer/698f31ece68eb.png","4.49","6.49","false","0","1 vnt. – 0,64 €","-30%","",""
"Maxima","Narcizų puokštė*, 35 cm, 1 puokštė – 30 vnt.","","2026-02-23","https://offers.maxima.lt/media/MarketingOffer/698f31ed05c61.png","2.99","4.99","false","2","1 vnt. – 0,10 €","-40%","",""
"Maxima","Tulpių puokštė*, 35 cm, 1 puokštė – 9 vnt.","","2026-02-23","https://offers.maxima.lt/media/MarketingOffer/698f31ec78896.png","3.99","5.99","false","0","1 vnt. – 0,44 €","-33%","",""
"Maxima","Pilnavidurių tulpių puokštė*, 35 cm, 1 puokštė – 35 vnt.","","2026-02-23","https://offers.maxima.lt/media/MarketingOffer/698f31f55eaf6.png","14.99","24.99","false","2","1 vnt. – 0,43 €","-40%","",""
"Maxima","Alstremerijų puokštė*, 50 cm, 1 puokštė – 7 vnt.","","2026-02-23","https://offers.maxima.lt/media/MarketingOffer/698f31f4e041f.png","4.49","6.49","false","0","1 vnt. – 0,64 €","-30%","",""
"Maxima","Vazoninė gėlė kalankė*, įvairių spalvų, 1 vaz.","","2026-02-23","https://offers.maxima.lt/media/MarketingOffer/698f31f126006.png","1.49","2.99","false","0","Iki 02.23","-50%","",""
"Maxima","Vazoninė gėlė orchidėja*, 1 vaz.","","2026-02-23","https://offers.maxima.lt/media/MarketingOffer/698f31f10d731.png","8.99","13.99","false","0","Iki 02.23","-35%","",""
"Maxima","Vazoninė gėlė hiacintas*, 2 rūšių, 1 vaz.","","2026-02-23","https://offers.maxima.lt/media/MarketingOffer/698f31f0a2b7c.png","2.29","3.49","false","0","Iki 02.23","-34%","",""
"Maxima","KAKTUSAMS, SUKULENTAMS IR JŲ KOMPOZICIJOMS*","","2026-02-23","https://offers.maxima.lt/media/MarketingOffer/698f31f0eb124.png","","","false","2","Iki 02.23 , nuo","-40%","",""
"Maxima","Geltonųjų svogūnų sėjinukai STUTTGARTER; STURON*, 2 rūšių, sveriami, 1 kg","","2026-02-23","https://offers.maxima.lt/media/MarketingOffer/698f31f060f4b.png","2.79","4.99","false","0","Iki 02.23","-44%","",""
"Maxima","Perkant 2 ar daugiau sėjamųjų sėklų, taikoma 40 % nuolaida*","","2026-02-23","https://offers.maxima.lt/media/MarketingOffer/698f31f08c9a7.png","","","false","0","Iki 02.23","-40%","",""